Player,Span,Mat,Inns,NO,Runs,HS,Ave,BF,SR,Hundred,Fifty,Zero,Fours,Sixes,Cluster
KDK Vithanage ,2014-2016,3,3,0,40,38,13.33,34,117.64,0,0,0,7,0,0
RR David ,2008-2008,4,4,0,39,17,9.75,65,60,0,0,0,2,1,0
BR Dunk ,2014-2014,3,3,0,39,23,13,34,114.7,0,0,0,3,1,0
EMDY Munaweera ,2012-2013,4,4,1,39,17,13,42,92.85,0,0,0,5,0,0
Munir Dar ,2014-2014,2,2,0,39,36,19.5,33,118.18,0,0,0,3,1,0
Rafatullah Mohmand ,2015-2015,3,3,0,39,23,13,45,86.66,0,0,1,4,0,0
RI Ahmed ,2015-2015,2,2,0,38,25,19,50,76,0,0,0,2,0,0
C Carter ,2015-2016,8,4,1,38,15,12.66,42,90.47,0,0,0,3,0,0
R Flannigan ,2012-2012,4,4,1,38,18,12.66,33,115.15,0,0,1,4,0,0
AV Lalcheta ,2015-2016,11,5,2,38,16,12.66,29,131.03,0,0,0,6,0,0
NJ Maddinson ,2013-2014,2,2,0,38,34,19,22,172.72,0,0,0,6,1,0
D Mongia ,2006-2006,1,1,0,38,38,38,45,84.44,0,0,0,4,1,0
F Mutizwa ,2011-2012,3,3,0,38,22,12.66,36,105.55,0,0,1,3,0,0
BJ Watling ,2009-2014,5,4,0,38,22,9.5,58,65.51,0,0,0,3,0,0
SJ Benn ,2008-2016,24,7,4,37,13,12.33,42,88.09,0,0,1,5,1,0
JS Foster ,2009-2009,5,5,2,37,14,12.33,32,115.62,0,0,0,0,1,0
RM Hira ,2012-2013,15,3,1,37,20,18.5,33,112.12,0,0,0,4,1,0
RJ Campbell ,2016-2016,3,3,0,36,27,12,47,76.59,0,0,1,6,0,0
PA Patel ,2011-2011,2,2,0,36,26,18,32,112.5,0,0,0,4,1,0
Aaqib Sulehri ,2015-2016,5,5,1,35,16,8.75,41,85.36,0,0,0,5,0,0
STR Binny ,2015-2016,3,2,0,35,24,17.5,29,120.68,0,0,0,2,1,0
BCJ Cutting ,2013-2014,4,3,0,35,29,11.66,23,152.17,0,0,1,1,3,0
VV Morea ,2015-2016,4,4,0,35,19,8.75,41,85.36,0,0,0,4,0,0
D Murphy ,2013-2013,4,4,3,35,20,35,35,100,0,0,0,1,0,0
MP O'Dowd ,2015-2016,5,4,1,35,17,11.66,39,89.74,0,0,0,1,1,0
Shuvagata Hom ,2016-2016,5,4,2,35,16,17.5,35,100,0,0,0,3,1,0
Arafat Sunny ,2014-2016,10,6,3,34,10,11.33,30,113.33,0,0,0,3,1,0
Hammad Azam ,2012-2013,5,4,1,34,21,11.33,34,100,0,0,0,3,1,0
JD Nel ,2007-2010,10,5,2,34,13,11.33,25,136,0,0,1,3,1,0
OL Pitcher ,2008-2008,3,3,0,34,15,11.33,53,64.15,0,0,0,1,0,0
T van der Gugten ,2012-2016,22,5,2,34,12,11.33,29,117.24,0,0,0,1,2,0
GO Jones ,2005-2006,2,2,1,33,19,33,25,132,0,0,0,5,0,0
MF Maharoof ,2006-2016,8,5,1,33,13,8.25,43,76.74,0,0,1,0,1,0
RJMGM Rupasinghe ,2009-2009,2,2,0,33,18,16.5,39,84.61,0,0,0,2,0,0
WPUJC Vaas ,2006-2007,6,2,1,33,21,33,41,80.48,0,0,0,1,0,0
WD Balaji Rao ,2008-2008,4,4,1,32,22,10.66,30,106.66,0,0,1,1,2,0
SE Findlay ,2008-2008,2,2,0,32,19,16,31,103.22,0,0,0,4,0,0
TG Gordon ,2012-2012,3,3,0,32,23,10.66,37,86.48,0,0,0,3,0,0
GA Lamb ,2010-2010,5,4,2,32,14,16,54,59.25,0,0,1,1,0,0
AR McBrine ,2014-2016,12,5,3,32,10,16,26,123.07,0,0,0,3,0,0
SNJ O'Keefe ,2010-2011,7,5,0,32,22,6.4,26,123.07,0,0,0,4,1,0
J Theron ,2010-2012,9,3,3,32,31,0,21,152.38,0,0,0,3,1,0
JC Tredwell ,2012-2014,17,6,3,32,22,10.66,20,160,0,0,1,4,1,0
B Bhandari ,2014-2015,10,10,2,31,13,3.87,51,60.78,0,0,1,3,0,0
TR Birt ,2010-2012,4,3,0,31,17,10.33,33,93.93,0,0,0,3,1,0
R Dravid ,2011-2011,1,1,0,31,31,31,21,147.61,0,0,0,0,3,0
Jahurul Islam ,2010-2013,3,3,0,31,18,10.33,23,134.78,0,0,0,3,1,0
PA Nixon ,2007-2007,1,1,1,31,31,0,22,140.9,0,0,0,2,1,0
H Osinde ,2008-2013,11,6,2,31,17,7.75,34,91.17,0,0,0,1,2,0
WW Hinds ,2006-2010,5,5,1,30,14,7.5,41,73.17,0,0,1,3,0,0
Ehsan Khan ,2016-2016,1,1,1,29,29,0,22,131.81,0,0,0,2,1,0
WB Rankin ,2009-2016,22,5,4,29,16,29,28,103.57,0,0,0,2,1,0
Abdul Shakoor ,2015-2015,4,3,1,28,20,14,34,82.35,0,0,0,2,0,0
S Badree ,2012-2016,32,8,5,28,14,9.33,43,65.11,0,0,0,1,0,0
TE Kane ,2015-2015,5,2,1,28,26,28,20,140,0,0,0,3,0,0
A Nehra ,2009-2016,23,5,0,28,22,5.6,39,71.79,0,0,3,1,2,0
PJ Ongondo ,2007-2008,8,6,0,28,16,4.66,23,121.73,0,0,2,1,2,0
AU Rashid ,2009-2016,20,8,5,28,9,9.33,37,75.67,0,0,0,1,0,0
NE Bonner ,2011-2012,2,2,0,27,24,13.5,38,71.05,0,0,0,2,0,0
Mohammad Iqbal ,2008-2008,3,3,0,27,22,9,39,69.23,0,0,0,1,0,0
Nadeem Ahmed ,2014-2016,21,8,4,27,10,6.75,39,69.23,0,0,1,2,0,0
Nadif Chowdhury ,2006-2007,3,3,0,27,12,9,23,117.39,0,0,0,2,0,0
MP Vaughan ,2005-2007,2,2,0,27,27,13.5,22,122.72,0,0,1,4,0,0
Zulfiqar Babar ,2013-2014,7,3,3,27,13,0,27,100,0,0,0,2,1,0
D Ganga ,2006-2006,1,1,0,26,26,26,31,83.87,0,0,0,3,1,0
Hamza Tariq ,2013-2013,3,2,0,26,22,13,23,113.04,0,0,0,0,2,0
TJ Murtagh ,2012-2016,14,5,3,26,12,13,25,104,0,0,0,0,1,0
Shapoor Zadran ,2010-2016,27,12,5,26,13,3.71,63,41.26,0,0,3,0,3,0
RA Bhatti ,2012-2012,4,4,1,25,11,8.33,37,67.56,0,0,1,1,0,0
PJ Cummins ,2011-2015,15,8,2,25,13,4.16,31,80.64,0,0,2,1,1,0
AM Ellis ,2012-2013,5,5,2,25,16,8.33,21,119.04,0,0,0,1,1,0
CRD Fernando ,2006-2016,18,7,2,25,21,5,27,92.59,0,0,2,4,0,0
G Goudie ,2010-2013,9,6,2,25,9,6.25,20,125,0,0,0,2,1,0
RK Kleinveldt ,2008-2013,6,3,2,25,22,25,10,250,0,0,0,1,3,0
PM Nevill ,2016-2016,9,5,4,25,10,25,11,227.27,0,0,0,1,2,0
N Pooran ,2016-2016,3,3,0,25,16,8.33,22,113.63,0,0,0,2,1,0
Raza-ur-Rehman ,2012-2013,5,4,0,25,10,6.25,29,86.2,0,0,0,3,0,0
Shahriar Nafees ,2006-2006,1,1,0,25,25,25,17,147.05,0,0,0,3,1,0
Waqas Khan ,2014-2016,5,4,2,25,19,12.5,42,59.52,0,0,1,1,0,0
MRJ Watt ,2015-2016,14,5,3,25,11,12.5,17,147.05,0,0,1,2,1,0
Amjad Gul ,2015-2015,1,1,0,24,24,24,21,114.28,0,0,0,3,1,0
JW Dernbach ,2011-2014,34,7,2,24,12,4.8,21,114.28,0,0,1,3,0,0
JN Gillespie ,2005-2005,1,1,0,24,24,24,18,133.33,0,0,0,4,0,0
Rameez Raja ,2011-2011,2,2,0,24,23,12,29,82.75,0,0,0,2,0,0
CP Schofield ,2007-2007,4,4,3,24,9,24,20,120,0,0,0,2,0,0
C Zhuwao ,2008-2011,5,5,0,24,12,4.8,39,61.53,0,0,3,4,0,0
KJ Abbott ,2013-2016,21,6,4,23,9,11.5,20,115,0,0,0,2,0,0
AB Barath ,2010-2011,2,2,0,23,15,11.5,39,58.97,0,0,0,3,0,0
Bilawal Bhatti ,2013-2015,9,4,2,23,13,11.5,14,164.28,0,0,1,2,1,0
T Panyangara ,2013-2016,14,5,4,23,17,23,17,135.29,0,0,0,1,2,0
JNT Vare ,2015-2016,5,4,0,23,13,5.75,23,100,0,0,0,2,0,0
Zulqarnain Haider ,2007-2010,3,3,0,23,17,7.66,30,76.66,0,0,0,1,0,0
Abdur Rehman ,2007-2013,8,5,3,22,7,11,29,75.86,0,0,0,0,0,0
Ahmed Raza ,2014-2016,13,5,2,22,9,7.33,41,53.65,0,0,1,0,1,0
AB Dinda ,2009-2012,9,2,1,22,19,22,24,91.66,0,0,0,1,0,0
PJ Ingram ,2010-2010,3,3,1,22,20,11,35,62.85,0,0,1,3,0,0
WP Masakadza ,2015-2016,7,5,3,22,6,11,27,81.48,0,0,0,2,0,0
DP Nannes ,2009-2010,17,5,3,22,12,11,18,122.22,0,0,0,1,1,0
E Otieno ,2012-2013,10,5,1,22,8,5.5,43,51.16,0,0,0,0,1,0
TD Paine ,2009-2011,5,3,0,22,21,7.33,18,122.22,0,0,1,2,1,0
B Regmi ,2014-2015,11,9,3,22,11,3.66,52,42.3,0,0,1,2,0,0
FL Reifer ,2009-2009,1,1,0,22,22,22,20,110,0,0,0,2,1,0
L Siaka ,2015-2016,6,6,0,22,8,3.66,36,61.11,0,0,1,1,1,0
Umair Ali ,2015-2015,3,3,2,22,13,22,18,122.22,0,0,0,2,1,0
Anas Khan ,2014-2014,1,1,1,21,21,0,28,75,0,0,0,2,0,0
SE Bond ,2005-2010,20,8,3,21,8,4.2,21,100,0,0,2,2,0,0
MR Gillespie ,2006-2008,11,6,4,21,7,10.5,29,72.41,0,0,0,0,0,0
Kamran Shazad ,2014-2014,3,2,0,21,21,10.5,17,123.52,0,0,1,1,2,0
AF Milne ,2010-2016,18,7,7,21,10,0,23,91.3,0,0,0,1,0,0
Mohammad Sami ,2010-2016,13,4,3,21,8,21,30,70,0,0,0,2,0,0
Rony Talukdar ,2015-2015,1,1,0,21,21,21,22,95.45,0,0,0,0,1,0
Shoaib Akhtar ,2006-2010,15,6,3,21,8,7,16,131.25,0,0,1,2,1,0
SJS Smith ,2010-2012,5,4,1,21,9,7,40,52.5,0,0,1,1,0,0
RL Bhudia ,2007-2007,3,3,1,20,11,10,20,100,0,0,1,0,2,0
JL Denly ,2009-2010,5,5,0,20,14,4,29,68.96,0,0,2,2,0,0
DL Hemp ,2008-2008,2,2,0,20,20,10,32,62.5,0,0,1,2,1,0
MJ North ,2009-2009,1,1,0,20,20,20,21,95.23,0,0,0,1,0,0
S Sreesanth ,2006-2008,10,3,2,20,19,20,14,142.85,0,0,1,4,0,0
Fahad Tariq ,2016-2016,6,5,1,19,16,4.75,24,79.16,0,0,2,1,1,0
HGJM Kulatunga ,2008-2008,2,2,0,19,11,9.5,38,50,0,0,0,0,0,0
CJ McKay ,2010-2013,6,4,2,19,7,9.5,22,86.36,0,0,1,1,1,0
Muktar Ali ,2016-2016,1,1,1,19,19,0,15,126.66,0,0,0,1,1,0
RLB Rambukwella ,2013-2016,2,1,0,19,19,19,16,118.75,0,0,0,1,1,0
SV Samson ,2015-2015,1,1,0,19,19,19,24,79.16,0,0,0,1,0,0
RW Chakabva ,2008-2015,5,5,0,18,13,3.6,40,45,0,0,2,1,0,0
DT Christian ,2010-2014,15,6,3,18,6,6,15,120,0,0,1,2,0,0
LHD Dilhara ,2008-2008,2,1,1,18,18,0,9,200,0,0,0,0,1,0
XJ Doherty ,2012-2013,11,4,3,18,9,18,17,105.88,0,0,0,1,0,0
Khurram Chohan ,2010-2010,4,4,2,18,8,9,14,128.57,0,0,0,1,1,0
SW Masakadza ,2010-2013,7,5,1,18,9,4.5,24,75,0,0,1,1,0,0
CT Mutombodzi ,2013-2016,5,5,1,18,12,4.5,24,75,0,0,1,1,0,0
Nauman Anwar ,2015-2015,1,1,0,18,18,18,10,180,0,0,0,2,1,0
Naved-ul-Hasan ,2006-2010,4,2,1,18,17,18,16,112.5,0,0,0,0,2,0
Raza Hasan ,2012-2014,10,4,4,18,13,0,25,72,0,0,0,2,0,0
Shafiul Islam ,2010-2013,11,4,1,18,16,6,24,75,0,0,1,1,1,0
S Thuraisingam ,2008-2008,3,2,1,18,15,18,24,75,0,0,0,1,0,0
JW Wilson ,2005-2005,1,1,0,18,18,18,14,128.57,0,0,0,2,0,0
TL Best ,2013-2014,6,1,1,17,17,0,9,188.88,0,0,0,0,2,0
TS Chisoro ,2015-2016,7,2,1,17,10,17,17,100,0,0,0,1,0,0
Imran Tahir ,2013-2016,27,2,2,17,9,0,11,154.54,0,0,0,1,1,0
LN Onyango ,2007-2010,5,4,2,17,5,8.5,21,80.95,0,0,0,0,0,0
Taskin Ahmed ,2014-2016,13,3,2,17,15,17,18,94.44,0,0,0,1,1,0
PVD Chameera ,2015-2016,13,7,6,16,9,16,20,80,0,0,1,1,0,0
CJ Ferguson ,2009-2009,3,3,0,16,8,5.33,19,84.21,0,0,1,1,0,0
Mehrab Hossain jnr ,2008-2009,2,2,1,16,10,16,25,64,0,0,0,1,0,0
M Morkel ,2007-2015,39,5,3,16,8,8,13,123.07,0,0,0,2,1,0
BJ Rohrer ,2013-2013,1,1,0,16,16,16,14,114.28,0,0,0,0,1,0
EHSN Silva ,2014-2014,2,2,1,16,13,16,22,72.72,0,0,0,1,0,0
AB Agarkar ,2006-2007,4,2,0,15,14,7.5,11,136.36,0,0,0,2,0,0
NW Bracken ,2006-2009,19,6,3,15,4,5,22,68.18,0,0,1,1,0,0
BE Hendricks ,2014-2014,5,2,1,15,12,15,15,100,0,0,0,0,1,0
E Katchay ,2008-2008,4,3,2,15,8,15,25,60,0,0,1,0,0,0
B Kumar ,2012-2016,16,4,2,15,9,7.5,15,100,0,0,1,0,0,0
Mosaddek Hossain ,2016-2016,1,1,0,15,15,15,19,78.94,0,0,0,1,0,0
LA Pomersbach ,2007-2007,1,1,0,15,15,15,7,214.28,0,0,0,1,1,0
RW Price ,2008-2012,16,9,4,15,7,3,28,53.57,0,0,1,1,0,0
Shabir Noori ,2012-2012,1,1,0,15,15,15,18,83.33,0,0,0,1,0,0
J Smits ,2008-2009,6,2,1,15,11,15,27,55.55,0,0,0,0,0,0
DW Steyn ,2007-2016,42,9,4,15,5,3,20,75,0,0,1,1,0,0
AO Suji ,2007-2010,8,5,2,15,7,5,29,51.72,0,0,0,0,0,0
DT Tiripano ,2016-2016,8,4,2,15,11,7.5,22,68.18,0,0,1,0,1,0
MK Tiwary ,2011-2012,3,1,0,15,15,15,17,88.23,0,0,0,0,0,0
JDF Vandersay ,2015-2016,7,5,4,15,8,15,17,88.23,0,0,0,2,0,0
VB van Jaarsveld ,2009-2009,3,3,0,15,12,5,23,65.21,0,0,1,0,0,0
Abu Hider ,2016-2016,5,1,0,14,14,14,10,140,0,0,0,1,1,0
Ahsan Malik ,2012-2016,28,6,4,14,4,7,18,77.77,0,0,1,1,0,0
SG Borthwick ,2011-2011,1,1,0,14,14,14,16,87.5,0,0,0,2,0,0
ST Finn ,2011-2015,21,3,3,14,8,0,19,73.68,0,0,0,1,0,0
MC Henriques ,2009-2016,6,3,0,14,12,4.66,17,82.35,0,0,0,1,0,0
MJ McClenaghan ,2012-2016,28,7,4,14,6,4.66,15,93.33,0,0,2,1,1,0
JAH Marshall ,2005-2008,3,2,0,14,13,7,15,93.33,0,0,0,2,0,0
Najeeb Tarakai ,2014-2014,2,2,0,14,7,7,17,82.35,0,0,0,2,0,0
GH O'Brien ,2008-2008,3,3,1,14,7,7,16,87.5,0,0,1,0,1,0
AN Petersen ,2010-2010,2,2,0,14,8,7,19,73.68,0,0,0,1,0,0
VD Philander ,2007-2007,7,4,0,14,6,3.5,28,50,0,0,0,0,0,0
Saqlain Haider ,2016-2016,6,5,1,14,7,3.5,35,40,0,0,0,0,0,0
VS Wategaonkar ,2016-2016,2,1,0,14,14,14,14,100,0,0,0,1,0,0
CM Wright ,2007-2009,3,1,0,14,14,14,18,77.77,0,0,0,0,0,0
AR Adams ,2005-2006,4,2,1,13,7,13,12,108.33,0,0,0,1,0,0
Amir Hamza ,2013-2016,19,6,3,13,4,4.33,17,76.47,0,0,1,1,0,0
C de Grandhomme ,2012-2012,4,4,2,13,8,6.5,17,76.47,0,0,0,1,0,0
J Edness ,2008-2008,3,3,0,13,9,4.33,28,46.42,0,0,1,0,0,0
CR Foggo ,2008-2008,3,3,0,13,7,4.33,17,76.47,0,0,1,2,0,0
SP Gauchan ,2014-2015,9,5,2,13,6,4.33,43,30.23,0,0,2,0,0,0
PA Hitchcock ,2008-2008,1,1,0,13,13,13,11,118.18,0,0,0,1,1,0
SHT Kandamby ,2008-2011,5,4,0,13,10,3.25,21,61.9,0,0,1,0,0,0
SKW Kelly ,2008-2008,3,2,2,13,11,0,24,54.16,0,0,0,0,0,0
Z Khan ,2006-2012,17,4,2,13,9,6.5,10,130,0,0,0,0,1,0
Mohammad Nadeem ,2015-2015,2,2,0,13,7,6.5,12,108.33,0,0,0,1,0,0
Mohammad Rafique ,2006-2006,1,1,0,13,13,13,5,260,0,0,0,3,0,0
CB Mpofu ,2008-2015,20,5,3,13,6,6.5,12,108.33,0,0,2,0,1,0
CMW Read ,2006-2006,1,1,0,13,13,13,11,118.18,0,0,0,2,0,0
Sufyan Mehmood ,2015-2016,2,1,1,13,13,0,32,40.62,0,0,0,2,0,0
Usman Mushtaq ,2016-2016,3,2,1,13,9,13,24,54.16,0,0,0,1,0,0
J Anderson ,2015-2015,4,2,0,12,9,6,18,66.66,0,0,0,1,0,0
HMCM Bandara ,2006-2009,4,3,1,12,7,6,15,80,0,0,0,0,0,0
TA Boult ,2013-2016,11,4,0,12,5,3,22,54.54,0,0,1,0,0,0
HJH Marshall ,2005-2006,3,3,0,12,8,4,14,85.71,0,0,0,0,0,0
NV Ojha ,2010-2010,2,2,0,12,10,6,27,44.44,0,0,0,2,0,0
KOA Powell ,2014-2014,1,1,0,12,12,12,14,85.71,0,0,0,1,0,0
R Rampaul ,2007-2015,23,6,5,12,8,12,21,57.14,0,0,0,0,0,0
MA Starc ,2012-2016,22,6,2,12,4,3,18,66.66,0,0,0,0,0,0
Fayyaz Ahmed ,2015-2015,1,1,0,11,11,11,12,91.66,0,0,0,2,0,0
AJ Hall ,2006-2006,2,1,0,11,11,11,10,110,0,0,0,1,0,0
Inzamam-ul-Haq ,2006-2006,1,1,1,11,11,0,15,73.33,0,0,0,0,1,0
Khurram Manzoor ,2016-2016,3,3,0,11,10,3.66,27,40.74,0,0,1,1,0,0
KS Lokuarachchi ,2012-2012,2,2,0,11,11,5.5,13,84.61,0,0,1,1,0,0
WK McCallan ,2008-2009,9,3,2,11,9,11,15,73.33,0,0,1,1,0,0
AK Mandal ,2015-2015,2,2,0,11,9,5.5,25,44,0,0,0,0,0,0
AA Mulla ,2008-2008,4,4,0,11,8,2.75,19,57.89,0,0,1,2,0,0
V Shetty ,2014-2014,2,2,1,11,10,11,13,84.61,0,0,0,1,0,0
CA Soper ,2015-2016,3,2,2,11,8,0,21,52.38,0,0,0,0,0,0
SW Tait ,2007-2016,21,6,2,11,6,2.75,15,73.33,0,0,1,0,1,0
RM West ,2009-2009,5,4,1,11,8,3.66,11,100,0,0,0,1,0,0
Yasir Shah ,2011-2011,2,1,1,11,11,0,7,157.14,0,0,0,1,0,0
CS Baugh ,2008-2012,3,3,0,10,7,3.33,12,83.33,0,0,0,1,0,0
FH Edwards ,2007-2012,20,4,2,10,7,5,9,111.11,0,0,1,1,0,0
MJ Henry ,2014-2016,5,2,1,10,10,10,5,200,0,0,0,2,0,0
S Jyoti ,2008-2008,2,2,1,10,10,10,20,50,0,0,1,0,0,0
RWT Key ,2009-2009,1,1,1,10,10,0,8,125,0,0,0,0,0,0
HG Kuhn ,2009-2011,5,4,2,10,5,5,16,62.5,0,0,0,0,0,0
M Ntini ,2005-2011,10,4,2,10,5,5,11,90.9,0,0,1,2,0,0
PP Ojha ,2009-2010,6,1,1,10,10,0,6,166.66,0,0,0,0,1,0
BA Parchment ,2007-2007,1,1,0,10,10,10,6,166.66,0,0,0,1,1,0
N Pokana ,2016-2016,3,2,1,10,8,10,17,58.82,0,0,0,0,0,0
P Raho ,2016-2016,2,2,2,10,8,0,6,166.66,0,0,0,0,1,0
ACL Richards ,2007-2007,1,1,0,10,10,10,15,66.66,0,0,0,1,0,0
MP Stoinis ,2015-2015,1,1,1,10,10,0,8,125,0,0,0,1,0,0
ZE Surkari ,2008-2008,4,3,0,10,6,3.33,33,30.3,0,0,1,0,0,0
SR Tendulkar ,2006-2006,1,1,0,10,10,10,12,83.33,0,0,0,2,0,0
RJ Trott ,2008-2008,3,3,1,10,8,5,24,41.66,0,0,1,0,0,0
Abul Hasan ,2012-2012,4,1,0,9,9,9,8,112.5,0,0,0,1,0,0
Afsar Zazai ,2013-2013,1,1,0,9,9,9,21,42.85,0,0,0,0,0,0
AC Agar ,2016-2016,2,1,0,9,9,9,8,112.5,0,0,0,0,1,0
JJ Celestine ,2008-2008,3,3,0,9,7,3,17,52.94,0,0,1,0,0,0
FRJ Coleman ,2013-2013,1,1,0,9,9,9,13,69.23,0,0,0,1,0,0
Elias Sunny ,2012-2012,7,4,2,9,5,4.5,9,100,0,0,0,1,0,0
KM Jarvis ,2011-2013,9,5,2,9,9,3,17,52.94,0,0,3,0,0,0
R McLaren ,2009-2014,12,4,3,9,6,9,13,69.23,0,0,0,0,0,0
Mohammad Asif ,2006-2010,11,3,3,9,5,0,3,300,0,0,0,2,0,0
AR Nurse ,2011-2015,4,2,1,9,6,9,8,112.5,0,0,0,1,0,0
JS Patel ,2005-2008,11,4,1,9,5,3,14,64.28,0,0,1,1,0,0
WKD Perkins ,2008-2008,1,1,0,9,9,9,11,81.81,0,0,0,1,0,0
JB Reva ,2015-2016,3,2,0,9,7,4.5,12,75,0,0,0,0,1,0
KW Richardson ,2014-2016,3,1,0,9,9,9,7,128.57,0,0,0,0,0,0
IH Romaine ,2008-2008,2,2,0,9,8,4.5,20,45,0,0,0,0,0,0
Sikander Zulfiqar ,2016-2016,2,1,1,9,9,0,12,75,0,0,0,0,0,0
TP Visee ,2015-2015,2,2,0,9,5,4.5,14,64.28,0,0,0,1,0,0
CAK Walton ,2014-2016,3,3,0,9,9,3,12,75,0,0,2,0,1,0
AM Blignaut ,2010-2010,1,1,0,8,8,8,8,100,0,0,0,1,0,0
GH Bodi ,2007-2007,1,1,0,8,8,8,25,32,0,0,0,0,0,0
TL Chatara ,2010-2016,11,1,0,8,8,8,7,114.28,0,0,0,1,0,0
AS Dean ,2008-2013,2,2,0,8,7,4,10,80,0,0,0,0,0,0
B Fernando ,2015-2015,2,1,1,8,8,0,12,66.66,0,0,0,1,0,0
HMRKB Herath ,2011-2016,17,6,3,8,3,2.66,12,66.66,0,0,0,0,0,0
S Randiv ,2010-2011,7,2,0,8,6,4,6,133.33,0,0,0,1,0,0
BAW Mendis ,2008-2014,39,8,5,8,4,2.66,17,47.05,0,0,0,1,0,0
Mustafizur Rahman ,2015-2016,13,5,1,8,6,2,11,72.72,0,0,2,0,1,0
SS Pathirana ,2016-2016,2,2,0,8,6,4,7,114.28,0,0,0,1,0,0
Rubel Hossain ,2009-2014,11,4,3,8,8,8,13,61.53,0,0,1,1,0,0
Shahadat Hossain ,2006-2013,6,5,3,8,4,4,12,66.66,0,0,1,0,0,0
I Sharma ,2008-2013,14,3,2,8,5,8,9,88.88,0,0,1,1,0,0
BV Vitori ,2012-2016,11,2,2,8,7,0,7,114.28,0,0,0,0,0,0
Al-Amin Hossain ,2013-2016,25,5,3,7,5,3.5,12,58.33,0,0,1,1,0,0
RP Arnold ,2006-2006,1,1,0,7,7,7,7,100,0,0,0,0,0,0
NB Budayair ,2014-2014,4,3,1,7,5,3.5,19,36.84,0,0,1,0,0,0
MA Carberry ,2014-2014,1,1,0,7,7,7,7,100,0,0,0,1,0,0
P Kumar ,2008-2012,10,3,0,7,6,2.33,16,43.75,0,0,1,0,0,0
ND McKenzie ,2006-2009,2,1,1,7,7,0,8,87.5,0,0,0,0,0,0
HM Nicholls ,2016-2016,1,1,0,7,7,7,11,63.63,0,0,0,1,0,0
Qadeer Ahmed ,2015-2016,8,4,3,7,5,7,12,58.33,0,0,1,1,0,0
GA Rogers ,2008-2009,2,2,2,7,6,0,8,87.5,0,0,0,0,0,0
E Schiferli ,2008-2010,7,3,1,7,5,3.5,16,43.75,0,0,1,0,0,0
JN Snape ,2007-2007,1,1,0,7,7,7,11,63.63,0,0,0,0,0,0
Syed Rasel ,2007-2008,8,3,1,7,6,3.5,9,77.77,0,0,0,1,0,0
LV van Beek ,2014-2016,8,4,1,7,4,2.33,15,46.66,0,0,0,0,0,0
A Zampa ,2016-2016,8,2,2,7,5,0,6,116.66,0,0,0,0,0,0
D Bishoo ,2011-2015,5,2,1,6,6,6,6,100,0,0,1,1,0,0
DG Brownlie ,2010-2014,5,5,0,6,5,1.2,18,33.33,0,0,3,1,0,0
RMS Eranga ,2012-2013,3,1,0,6,6,6,7,85.71,0,0,0,1,0,0
NM Hauritz ,2009-2009,3,2,0,6,4,3,10,60,0,0,0,1,0,0
PJ Hughes ,2014-2014,1,1,0,6,6,6,8,75,0,0,0,1,0,0
Javed Ahmadi ,2012-2012,2,1,0,6,6,6,5,120,0,0,0,1,0,0
KO Meth ,2012-2012,2,1,1,6,6,0,6,100,0,0,0,0,0,0
AM Phangiso ,2012-2016,11,2,0,6,4,3,10,60,0,0,0,0,0,0
JA Rudolph ,2006-2006,1,1,1,6,6,0,7,85.71,0,0,0,0,0,0
R Strydom ,2008-2008,4,2,1,6,5,6,7,85.71,0,0,0,0,0,0
SA Abbott ,2014-2014,3,1,0,5,5,5,8,62.5,0,0,0,1,0,0
M Ansari ,2015-2016,11,4,4,5,3,0,10,50,0,0,0,0,0,0
MS Atapattu ,2006-2006,2,1,0,5,5,5,8,62.5,0,0,0,0,0,0
IG Butler ,2009-2013,19,6,5,5,2,5,10,50,0,0,0,0,0,0
N Dickwella ,2016-2016,3,2,0,5,4,2.5,5,100,0,0,0,1,0,0
Karan KC ,2015-2015,5,4,2,5,2,2.5,16,31.25,0,0,1,0,0,0
GD McGrath ,2005-2005,2,1,0,5,5,5,12,41.66,0,0,0,0,0,0
CS Martin ,2007-2008,6,1,1,5,5,0,6,83.33,0,0,0,0,0,0
Mohammad Salman ,2011-2011,1,1,0,5,5,5,6,83.33,0,0,0,0,0,0
T Mupariwa ,2007-2008,4,2,2,5,3,0,3,166.66,0,0,0,0,0,0
N M'shangwe ,2013-2014,5,2,1,5,5,5,4,125,0,0,1,1,0,0
JL Pattinson ,2011-2012,4,2,2,5,5,0,3,166.66,0,0,0,1,0,0
LE Plunkett ,2006-2016,9,3,1,5,4,2.5,6,83.33,0,0,0,0,0,0
GH Bodi ,2007-2007,1,1,0,8,8,8,25,32,0,0,0,0,0,0
TL Chatara ,2010-2016,11,1,0,8,8,8,7,114.28,0,0,0,1,0,0
AS Dean ,2008-2013,2,2,0,8,7,4,10,80,0,0,0,0,0,0
B Fernando ,2015-2015,2,1,1,8,8,0,12,66.66,0,0,0,1,0,0
HMRKB Herath ,2011-2016,17,6,3,8,3,2.66,12,66.66,0,0,0,0,0,0
S Randiv ,2010-2011,7,2,0,8,6,4,6,133.33,0,0,0,1,0,0
BAW Mendis ,2008-2014,39,8,5,8,4,2.66,17,47.05,0,0,0,1,0,0
Mustafizur Rahman ,2015-2016,13,5,1,8,6,2,11,72.72,0,0,2,0,1,0
SS Pathirana ,2016-2016,2,2,0,8,6,4,7,114.28,0,0,0,1,0,0
Rubel Hossain ,2009-2014,11,4,3,8,8,8,13,61.53,0,0,1,1,0,0
Shahadat Hossain ,2006-2013,6,5,3,8,4,4,12,66.66,0,0,1,0,0,0
I Sharma ,2008-2013,14,3,2,8,5,8,9,88.88,0,0,1,1,0,0
BV Vitori ,2012-2016,11,2,2,8,7,0,7,114.28,0,0,0,0,0,0
Al-Amin Hossain ,2013-2016,25,5,3,7,5,3.5,12,58.33,0,0,1,1,0,0
RP Arnold ,2006-2006,1,1,0,7,7,7,7,100,0,0,0,0,0,0
NB Budayair ,2014-2014,4,3,1,7,5,3.5,19,36.84,0,0,1,0,0,0
MA Carberry ,2014-2014,1,1,0,7,7,7,7,100,0,0,0,1,0,0
P Kumar ,2008-2012,10,3,0,7,6,2.33,16,43.75,0,0,1,0,0,0
ND McKenzie ,2006-2009,2,1,1,7,7,0,8,87.5,0,0,0,0,0,0
HM Nicholls ,2016-2016,1,1,0,7,7,7,11,63.63,0,0,0,1,0,0
Qadeer Ahmed ,2015-2016,8,4,3,7,5,7,12,58.33,0,0,1,1,0,0
GA Rogers ,2008-2009,2,2,2,7,6,0,8,87.5,0,0,0,0,0,0
E Schiferli ,2008-2010,7,3,1,7,5,3.5,16,43.75,0,0,1,0,0,0
JN Snape ,2007-2007,1,1,0,7,7,7,11,63.63,0,0,0,0,0,0
Syed Rasel ,2007-2008,8,3,1,7,6,3.5,9,77.77,0,0,0,1,0,1
LV van Beek ,2014-2016,8,4,1,7,4,2.33,15,46.66,0,0,0,0,0,1
A Zampa ,2016-2016,8,2,2,7,5,0,6,116.66,0,0,0,0,0,1
D Bishoo ,2011-2015,5,2,1,6,6,6,6,100,0,0,1,1,0,1
DG Brownlie ,2010-2014,5,5,0,6,5,1.2,18,33.33,0,0,3,1,0,1
RMS Eranga ,2012-2013,3,1,0,6,6,6,7,85.71,0,0,0,1,0,1
NM Hauritz ,2009-2009,3,2,0,6,4,3,10,60,0,0,0,1,0,1
PJ Hughes ,2014-2014,1,1,0,6,6,6,8,75,0,0,0,1,0,1
Javed Ahmadi ,2012-2012,2,1,0,6,6,6,5,120,0,0,0,1,0,1
KO Meth ,2012-2012,2,1,1,6,6,0,6,100,0,0,0,0,0,1
AM Phangiso ,2012-2016,11,2,0,6,4,3,10,60,0,0,0,0,0,1
JA Rudolph ,2006-2006,1,1,1,6,6,0,7,85.71,0,0,0,0,0,1
R Strydom ,2008-2008,4,2,1,6,5,6,7,85.71,0,0,0,0,0,1
SA Abbott ,2014-2014,3,1,0,5,5,5,8,62.5,0,0,0,1,0,1
M Ansari ,2015-2016,11,4,4,5,3,0,10,50,0,0,0,0,0,1
MS Atapattu ,2006-2006,2,1,0,5,5,5,8,62.5,0,0,0,0,0,1
IG Butler ,2009-2013,19,6,5,5,2,5,10,50,0,0,0,0,0,1
N Dickwella ,2016-2016,3,2,0,5,4,2.5,5,100,0,0,0,1,0,1
Karan KC ,2015-2015,5,4,2,5,2,2.5,16,31.25,0,0,1,0,0,1
GD McGrath ,2005-2005,2,1,0,5,5,5,12,41.66,0,0,0,0,0,1
CS Martin ,2007-2008,6,1,1,5,5,0,6,83.33,0,0,0,0,0,1
Mohammad Salman ,2011-2011,1,1,0,5,5,5,6,83.33,0,0,0,0,0,1
T Mupariwa ,2007-2008,4,2,2,5,3,0,3,166.66,0,0,0,0,0,1
N M'shangwe ,2013-2014,5,2,1,5,5,5,4,125,0,0,1,1,0,1
JL Pattinson ,2011-2012,4,2,2,5,5,0,3,166.66,0,0,0,1,0,1
LE Plunkett ,2006-2016,9,3,1,5,4,2.5,6,83.33,0,0,0,0,0,1
RJ Harris ,2010-2010,3,1,1,2,2,0,1,200,0,0,0,0,0,1
BW Hilfenhaus ,2007-2012,7,3,1,2,2,1,10,20,0,0,1,0,0,1
H Hiri ,2016-2016,2,2,0,2,1,1,5,40,0,0,0,0,0,1
JO Holder ,2014-2015,4,1,0,2,2,2,4,50,0,0,0,0,0,1
AJ Ireland ,2006-2006,1,1,1,2,2,0,3,66.66,0,0,0,0,0,1
A Khan ,2009-2009,1,1,0,2,2,2,4,50,0,0,0,0,0,1
RJ Kirtley ,2007-2007,1,1,1,2,2,0,4,50,0,0,0,0,0,1
RAS Lakmal ,2011-2016,8,4,2,2,1,1,4,50,0,0,1,0,0,1
MJ Mason ,2006-2008,3,1,0,2,2,2,2,100,0,0,0,0,0,1
Najeeb Amar ,2014-2014,1,1,0,2,2,2,9,22.22,0,0,0,0,0,1
L Nou ,2015-2015,3,1,1,2,2,0,3,66.66,0,0,0,0,0,1
Shahid Wasif ,2016-2016,1,1,1,2,2,0,4,50,0,0,0,0,0,1
JNK Shannon ,2013-2016,2,2,0,2,2,1,7,28.57,0,0,1,0,0,1
LL Tsotsobe ,2009-2014,23,3,2,2,1,2,10,20,0,0,0,0,0,1
I Udana ,2009-2016,7,3,1,2,1,1,9,22.22,0,0,1,0,0,1
Usman Khan ,2013-2013,2,1,1,2,2,0,3,66.66,0,0,0,0,0,1
R Vinay Kumar ,2010-2013,9,1,1,2,2,0,4,50,0,0,0,0,0,1
UWMBCA Welegedara ,2010-2010,2,1,1,2,2,0,3,66.66,0,0,0,0,0,1
BTJ Wheal ,2016-2016,2,1,1,2,2,0,2,100,0,0,0,0,0,1
CA Young ,2015-2016,11,2,2,2,2,0,5,40,0,0,0,0,0,1
Zaheer Maqsood ,2015-2016,3,1,0,2,2,2,5,40,0,0,0,0,0,1
Aftab Alam ,2012-2015,6,2,2,1,1,0,4,25,0,0,0,0,0,1
JM Anderson ,2007-2009,19,4,3,1,1,1,2,50,0,0,1,0,0,1
TD Astle ,2016-2016,2,1,0,1,1,1,5,20,0,0,0,0,0,1
DE Bernard ,2009-2009,1,1,1,1,1,0,1,100,0,0,0,0,0,1
Bilal Khan ,2015-2016,12,3,2,1,1,1,3,33.33,0,0,1,0,0,1
DE Bollinger ,2011-2014,9,2,2,1,1,0,1,100,0,0,0,0,0,1
DR Brown ,2007-2007,2,1,0,1,1,1,5,20,0,0,0,0,0,1
CD de Lange ,2015-2016,4,1,0,1,1,1,2,50,0,0,0,0,0,1
R Dhawan ,2016-2016,1,1,1,1,1,0,2,50,0,0,0,0,0,1
Dhiman Ghosh ,2008-2008,1,1,0,1,1,1,2,50,0,0,0,0,0,1
HH Dippenaar ,2006-2006,1,1,0,1,1,1,5,20,0,0,0,0,0,1
AC Evans ,2015-2016,11,4,1,1,1,0.33,8,12.5,0,0,3,0,0,1
Hashmatullah Shahidi ,2013-2013,1,1,1,1,1,0,1,100,0,0,0,0,0,1
JS Jesani ,2007-2007,1,1,0,1,1,1,5,20,0,0,0,0,0,1
MBS Jonkman ,2010-2010,3,1,0,1,1,1,8,12.5,0,0,0,0,0,1
GE Kidd ,2010-2010,1,1,1,1,1,0,1,100,0,0,0,0,0,1
VJ Kingma ,2016-2016,1,1,0,1,1,1,4,25,0,0,0,0,0,1
DS Kulkarni ,2016-2016,2,1,1,1,1,0,1,100,0,0,0,0,0,1
J Lewis ,2005-2007,2,2,1,1,1,1,4,25,0,0,0,0,0,1
J Louw ,2008-2009,2,1,1,1,1,0,1,100,0,0,0,0,0,1
SI Mahmood ,2006-2009,4,2,2,1,1,0,2,50,0,0,0,0,0,1
RD McCann ,2012-2012,3,1,0,1,1,1,2,50,0,0,0,0,0,1
J Mulder ,2016-2016,1,1,0,1,1,1,5,20,0,0,0,0,0,1
M Muralitharan ,2006-2010,12,2,0,1,1,0.5,5,20,0,0,1,0,0,1
M Nasim Baras ,2015-2015,3,1,0,1,1,1,2,50,0,0,0,0,0,1
ML Nkala ,2006-2006,1,1,0,1,1,1,3,33.33,0,0,0,0,0,1
MS Panesar ,2007-2007,1,1,0,1,1,1,2,50,0,0,0,0,0,1
SD Parry ,2014-2015,5,1,0,1,1,1,1,100,0,0,0,0,0,2
MDK Perera ,2011-2011,3,2,0,1,1,0.5,6,16.66,0,0,1,0,0,2
DBL Powell ,2007-2007,5,1,1,1,1,0,1,100,0,0,0,0,0,2
EC Rainsford ,2010-2010,2,1,1,1,1,0,2,50,0,0,0,0,0,2
Sandeep Sharma ,2015-2015,2,1,1,1,1,0,1,100,0,0,0,0,0,2
Sayed Shirzad ,2015-2016,3,1,0,1,1,1,2,50,0,0,0,0,0,2
PM Siddle ,2009-2010,2,1,1,1,1,0,1,100,0,0,0,0,0,2
Suhrawadi Shuvo ,2010-2010,1,1,1,1,1,0,3,33.33,0,0,0,0,0,2
EP Thompson ,2008-2008,1,1,1,1,1,0,1,100,0,0,0,0,0,2
RJW Topley ,2015-2016,6,1,1,1,1,0,2,50,0,0,0,0,0,2
TE Tucker ,2008-2008,1,1,0,1,1,1,5,20,0,0,0,0,0,2
I Wardlaw ,2013-2013,4,1,0,1,1,1,3,33.33,0,0,0,0,0,2
G Wijekoon ,2007-2007,3,2,1,1,1,1,5,20,0,0,1,0,0,2
Yamin Ahmadzai ,2015-2015,2,1,1,1,1,0,1,100,0,0,0,0,0,2
Aizaz Cheema ,2011-2012,5,1,1,0,0,0,3,0,0,0,0,0,0,2
MS Aulakh ,2012-2013,3,1,0,0,0,0,2,0,0,0,1,0,0,2
CT Bancroft ,2016-2016,1,1,1,0,0,0,0,0,0,0,0,0,0,2
IDR Bradshaw ,2006-2006,1,1,1,0,0,0,0,0,0,0,0,0,0,2
DR Briggs ,2012-2014,7,1,1,0,0,0,0,0,0,0,0,0,0,2
JJ Bumrah ,2016-2016,21,2,1,0,0,0,2,0,0,0,1,0,0,2
AF Buurman ,2010-2010,4,2,0,0,0,0,4,0,0,0,2,0,0,2
PP Chawla ,2010-2012,7,1,0,0,0,0,1,0,0,0,1,0,0,2
DO Christian ,2011-2011,2,1,0,0,0,0,2,0,0,0,1,0,0,2
SS Cottrell ,2014-2015,6,1,0,0,0,0,1,0,0,0,1,0,0,2
A Dananjaya ,2012-2013,5,1,1,0,0,0,0,0,0,0,0,0,0,2
N Pradeep ,2016-2016,1,1,0,0,0,0,1,0,0,0,1,0,0,2
SM Harwood ,2007-2009,3,1,1,0,0,0,0,0,0,0,0,0,0,2
T Henderson ,2006-2006,1,1,0,0,0,0,2,0,0,0,1,0,0,2
KC Hodsoll ,2008-2008,1,1,0,0,0,0,1,0,0,0,1,0,0,2
Iftikhar Ahmed ,2016-2016,1,1,1,0,0,0,0,0,0,0,0,0,0,2
Imran Khan ,2015-2015,3,1,0,0,0,0,1,0,0,0,1,0,0,2
Izatullah Dawlatzai ,2012-2012,4,1,1,0,0,0,3,0,0,0,0,0,0,2
S Keshvani ,2010-2010,2,1,1,0,0,0,1,0,0,0,0,0,0,2
RN Lewis ,2008-2008,1,1,0,0,0,0,4,0,0,0,1,0,0,2
J Little ,2016-2016,1,1,0,0,0,0,3,0,0,0,1,0,0,2
AJ McKay ,2010-2010,2,1,0,0,0,0,1,0,0,0,1,0,0,2
GI Maiden ,2008-2008,3,1,0,0,0,0,1,0,0,0,1,0,0,2
A Mehmood ,2016-2016,2,1,1,0,0,0,1,0,0,0,0,0,0,2
Mohammad Kashif ,2010-2010,3,1,1,0,0,0,0,0,0,0,0,0,0,2
Mohammad Qazi ,2008-2008,1,1,0,0,0,0,1,0,0,0,1,0,0,2
HJC Mol ,2008-2008,4,1,0,0,0,0,1,0,0,0,1,0,0,2
JK Mukhiya ,2014-2015,4,1,1,0,0,0,0,0,0,0,0,0,0,2
T Muzarabani ,2015-2016,9,1,1,0,0,0,2,0,0,0,0,0,0,2
A Nel ,2005-2007,2,1,1,0,0,0,2,0,0,0,0,0,0,2
AA Noffke ,2007-2008,2,1,0,0,0,0,0,0,0,0,1,0,0,2
MM Patel ,2011-2011,3,1,0,0,0,0,1,0,0,0,1,0,0,2
PDRL Perera ,2006-2006,2,2,2,0,0,0,0,0,0,0,0,0,0,2
DM Richards ,2009-2009,1,1,0,0,0,0,1,0,0,0,1,0,0,2
K Santokie ,2011-2014,12,1,1,0,0,0,0,0,0,0,0,0,0,2
A Shahzad ,2010-2011,3,1,1,0,0,0,3,0,0,0,0,0,0,2
Shakeel Ansar ,2012-2012,2,1,0,0,0,0,1,0,0,0,1,0,0,2
MS Sinclair ,2005-2007,2,2,0,0,0,0,5,0,0,0,2,0,0,2
IS Sodhi ,2014-2016,10,1,1,0,0,0,0,0,0,0,0,0,0,2
Tanveer Ahmed ,2016-2016,2,1,0,0,0,0,2,0,0,0,1,0,0,2
M Zondeki ,2006-2006,1,1,0,0,0,0,1,0,0,0,1,0,0,2
Aamer Yamin ,2015-2015,1,0,0,0,0,0,0,0,0,0,0,0,0,2
YA Abdulla ,2009-2009,2,0,0,0,0,0,0,0,0,0,0,0,0,2
Abdur Rauf ,2008-2008,1,0,0,0,0,0,0,0,0,0,0,0,0,2
GW Aldridge ,2011-2011,1,0,0,0,0,0,0,0,0,0,0,0,0,2
TR Ambrose ,2008-2008,1,0,0,0,0,0,0,0,0,0,0,0,0,2
S Aravind ,2015-2015,1,0,0,0,0,0,0,0,0,0,0,0,0,2
Arsalan Qadir ,2010-2010,1,0,0,0,0,0,0,0,0,0,0,0,0,2
Asad Ali ,2013-2013,2,0,0,0,0,0,0,0,0,0,0,0,0,2
P Awana ,2012-2012,2,0,0,0,0,0,0,0,0,0,0,0,0,2
LS Baker ,2008-2009,3,0,0,0,0,0,0,0,0,0,0,0,0,2
L Balaji ,2012-2012,5,0,0,0,0,0,0,0,0,0,0,0,0,2
TC Bastiampillai ,2010-2010,2,0,0,0,0,0,0,0,0,0,0,0,0,2
MD Bates ,2012-2012,3,0,0,0,0,0,0,0,0,0,0,0,0,2
N Boje ,2005-2005,1,0,0,0,0,0,0,0,0,0,0,0,0,2
SM Boland ,2016-2016,3,0,0,0,0,0,0,0,0,0,0,0,0,2
CG Burnett ,2013-2013,1,0,0,0,0,0,0,0,0,0,0,0,0,2
DK Butler ,2006-2006,1,0,0,0,0,0,0,0,0,0,0,0,0,2
YS Chahal ,2016-2016,3,0,0,0,0,0,0,0,0,0,0,0,0,2
SR Clark ,2006-2007,9,0,0,0,0,0,0,0,0,0,0,0,0,2
D Daesrath ,2013-2013,1,0,0,0,0,0,0,0,0,0,0,0,0,2
LA Dawson ,2016-2016,1,0,0,0,0,0,0,0,0,0,0,0,0,2
M de Lange ,2012-2015,6,0,0,0,0,0,0,0,0,0,0,0,0,2
SI de Saram ,2009-2009,1,0,0,0,0,0,0,0,0,0,0,0,0,2
BJ Diamanti ,2009-2009,1,0,0,0,0,0,0,0,0,0,0,0,0,2
PS Eaglestone ,2010-2010,1,0,0,0,0,0,0,0,0,0,0,0,0,2
Ehsan Nawaz ,2014-2016,2,0,0,0,0,0,0,0,0,0,0,0,0,2
ST Gabriel ,2013-2013,2,0,0,0,0,0,0,0,0,0,0,0,0,2
WT Gavera ,2015-2015,3,0,0,0,0,0,0,0,0,0,0,0,0,2
B Geeves ,2009-2009,1,0,0,0,0,0,0,0,0,0,0,0,0,2
DM Gondaria ,2013-2013,2,0,0,0,0,0,0,0,0,0,0,0,0,2
D Gough ,2005-2006,2,0,0,0,0,0,0,0,0,0,0,0,0,2
HF Gurney ,2014-2014,2,0,0,0,0,0,0,0,0,0,0,0,0,2
SJ Harmison ,2005-2006,2,0,0,0,0,0,0,0,0,0,0,0,0,2
Hasan Ali ,2016-2016,3,0,0,0,0,0,0,0,0,0,0,0,0,2
JR Hazlewood ,2013-2016,7,0,0,0,0,0,0,0,0,0,0,0,0,2
Iftikhar Anjum ,2007-2009,2,0,0,0,0,0,0,0,0,0,0,0,0,2
Joginder Sharma ,2007-2007,4,0,0,0,0,0,0,0,0,0,0,0,0,2
Jubair Hossain ,2015-2015,1,0,0,0,0,0,0,0,0,0,0,0,0,2
TP Kamungozi ,2014-2014,1,0,0,0,0,0,0,0,0,0,0,0,0,2
M Kartik ,2007-2007,1,0,0,0,0,0,0,0,0,0,0,0,0,2
B Laughlin ,2009-2013,3,0,0,0,0,0,0,0,0,0,0,0,0,2
E Leie ,2015-2015,2,0,0,0,0,0,0,0,0,0,0,0,0,2
RDM Leverock ,2008-2008,2,0,0,0,0,0,0,0,0,0,0,0,0,2
ML Lewis ,2006-2006,2,0,0,0,0,0,0,0,0,0,0,0,0,2
NM Lyon ,2016-2016,1,0,0,0,0,0,0,0,0,0,0,0,0,2
GT Main ,2015-2016,4,0,0,0,0,0,0,0,0,0,0,0,0,2
Mansoor Amjad ,2008-2008,1,0,0,0,0,0,0,0,0,0,0,0,0,2
BB McCullum ,2005-2015,71,70,10,2140,123,35.66,1571,136.21,2,13,3,199,91,2
TM Dilshan ,2006-2016,80,79,12,1889,104,28.19,1567,120.54,1,13,10,223,33,2
MJ Guptill ,2009-2016,61,59,7,1806,101,34.73,1374,131.44,1,10,2,169,76,2
Umar Akmal ,2009-2016,82,77,14,1690,94,26.82,1375,122.9,0,8,8,122,55,2
DA Warner ,2009-2016,63,63,3,1686,90,28.1,1208,139.56,0,12,5,162,74,2
V Kohli ,2010-2016,45,41,12,1657,90,57.13,1223,135.48,0,16,0,176,32,2
JP Duminy ,2007-2016,70,64,21,1654,96,38.46,1338,123.61,0,9,6,122,56,2
Mohammad Hafeez ,2006-2016,77,75,4,1614,86,22.73,1403,115.03,0,9,5,175,39,2
Shoaib Malik ,2006-2016,82,76,20,1548,75,27.64,1359,113.9,0,5,1,131,32,2
CH Gayle ,2006-2016,50,47,4,1519,117,35.32,1044,145.49,2,13,2,130,98,2
DPMD Jayawardene ,2006-2014,55,55,8,1493,100,31.76,1121,133.18,1,9,4,173,33,2
SR Watson ,2006-2016,58,56,6,1462,124,29.24,1006,145.32,1,10,3,115,83,2
EJG Morgan ,2009-2016,64,63,13,1460,85,29.2,1115,130.94,0,7,3,113,62,2
H Masakadza ,2006-2016,50,50,2,1413,93,29.43,1180,119.74,0,10,0,131,51,2
Shahid Afridi ,2006-2016,98,90,12,1405,54,18.01,932,150.75,0,4,8,102,73,2
KC Sangakkara ,2006-2014,56,53,9,1382,78,31.4,1156,119.55,0,8,2,139,20,2
AB de Villiers ,2006-2016,71,68,10,1368,79,23.58,1037,131.91,0,8,5,116,48,2
Mohammad Shahzad ,2010-2016,48,48,2,1367,118,29.71,1002,136.42,1,9,3,143,55,2
RG Sharma ,2007-2016,62,55,12,1364,106,31.72,1054,129.41,1,11,3,120,51,2
AD Hales ,2011-2016,45,45,5,1257,116,31.42,939,133.86,1,7,4,135,37,2
LRPL Taylor ,2006-2016,73,65,13,1256,63,24.15,1046,120.07,0,5,4,83,48,2
SK Raina ,2006-2016,62,52,11,1203,101,29.34,905,132.92,1,3,2,110,41,2
MN Samuels ,2007-2016,51,49,8,1186,85,28.92,1016,116.73,0,9,0,106,48,2
KP Pietersen ,2005-2013,37,36,5,1176,79,37.93,831,141.51,0,7,1,119,32,2
Tamim Iqbal ,2007-2016,52,52,5,1154,103,24.55,1007,114.59,1,4,3,125,27,2
DJ Bravo ,2006-2016,66,59,12,1142,66,24.29,981,116.41,0,4,4,67,49,2
Yuvraj Singh ,2007-2016,55,48,9,1134,77,29.07,828,136.95,0,8,1,75,71,2
MS Dhoni ,2006-2016,73,63,32,1112,48,35.87,909,122.33,0,0,1,75,34,2
Shakib Al Hasan ,2006-2016,54,54,8,1103,84,23.97,901,122.41,0,6,4,110,27,2
F du Plessis ,2012-2016,35,35,6,1093,119,37.68,824,132.64,1,7,0,101,32,2
Ahmed Shehzad ,2009-2016,44,44,2,1049,111,24.97,917,114.39,1,5,2,116,24,2
HM Amla ,2009-2016,37,37,5,1008,97,31.5,781,129.06,0,5,1,113,21,2
AD Mathews ,2009-2016,66,52,17,987,81,28.2,820,120.36,0,4,0,65,32,2
CL White ,2007-2014,47,44,14,984,85,32.8,740,132.97,0,5,3,71,44,2
GC Smith ,2005-2011,33,33,2,982,89,31.67,770,127.53,0,5,1,123,26,2
AJ Finch ,2011-2016,28,28,3,974,156,38.96,649,150.07,1,6,0,101,42,2
KS Williamson ,2011-2016,35,33,5,967,72,34.53,778,124.29,0,5,1,115,12,2
G Gambhir ,2007-2012,37,36,2,932,75,27.41,783,119.02,0,7,2,109,10,2
JC Buttler ,2011-2016,50,44,11,928,73,28.12,662,140.18,0,5,2,67,43,2
Kamran Akmal ,2006-2014,54,49,6,897,73,20.86,745,120.4,0,5,6,90,27,2
WTS Porterfield ,2008-2016,49,47,6,897,72,21.87,808,111.01,0,3,4,106,17,2
LMP Simmons ,2007-2016,38,37,4,862,82,26.12,740,116.48,0,5,6,83,31,2
GJ Maxwell ,2012-2016,36,32,4,822,145,29.35,491,167.41,1,3,1,76,44,2
E Chigumbura ,2006-2016,47,46,8,789,54,20.76,543,145.3,0,3,5,56,46,2
DA Miller ,2010-2016,46,39,13,789,53,30.34,581,135.8,0,1,0,55,31,2
Misbah-ul-Haq ,2007-2012,39,34,13,788,87,37.52,715,110.2,0,3,2,45,26,2
LJ Wright ,2007-2014,51,45,5,759,99,18.97,554,137,0,4,9,68,31,2
DJ Hussey ,2008-2012,39,36,3,756,88,22.9,623,121.34,0,3,4,41,34,2
PR Stirling ,2009-2016,37,36,4,751,79,23.46,586,128.15,0,5,5,99,18,2
KJ Coetzer ,2008-2016,35,33,2,750,70,24.19,655,114.5,0,2,2,72,25,2
GJ McCarter ,2015-2015,3,0,0,0,0,0,0,0,0,0,0,0,0,2
SC Meaker ,2012-2012,2,0,0,0,0,0,0,0,0,0,0,0,0,2
TS Mills ,2016-2016,1,0,0,0,0,0,0,0,0,0,0,0,0,2
A Mishra ,2010-2016,8,0,0,0,0,0,0,0,0,0,0,0,0,2
Mohammad Nawaz ,2016-2016,5,0,0,0,0,0,0,0,0,0,0,0,0,2
Mohammad Shahid ,2016-2016,1,0,0,0,0,0,0,0,0,0,0,0,0,2
Mohammed Shami ,2014-2016,6,0,0,0,0,0,0,0,0,0,0,0,0,2
GMC Mol ,2008-2008,1,0,0,0,0,0,0,0,0,0,0,0,0,2
Nasir Aziz ,2015-2015,1,0,0,0,0,0,0,0,0,0,0,0,0,2
P Negi ,2016-2016,1,0,0,0,0,0,0,0,0,0,0,0,0,2
IE O'Brien ,2009-2009,4,0,0,0,0,0,0,0,0,0,0,0,0,3
LN Oluoch ,2013-2013,1,0,0,0,0,0,0,0,0,0,0,0,0,3
MA Parker ,2012-2012,2,0,0,0,0,0,0,0,0,0,0,0,0,3
KTGD Prasad ,2011-2011,1,0,0,0,0,0,0,0,0,0,0,0,0,3
M Pushpakumara ,2009-2009,1,0,0,0,0,0,0,0,0,0,0,0,0,3
Robiul Islam ,2013-2013,1,0,0,0,0,0,0,0,0,0,0,0,0,3
Rokhan Barakzai ,2015-2015,3,0,0,0,0,0,0,0,0,0,0,0,0,3
Rumman Raees ,2016-2016,1,0,0,0,0,0,0,0,0,0,0,0,0,3
Sajedul Islam ,2013-2013,1,0,0,0,0,0,0,0,0,0,0,0,0,3
Saqlain Sajib ,2016-2016,1,0,0,0,0,0,0,0,0,0,0,0,0,3
JD Schoonheim ,2008-2008,1,0,0,0,0,0,0,0,0,0,0,0,0,3
Shabbir Ahmed ,2007-2007,1,0,0,0,0,0,0,0,0,0,0,0,0,3
Sharafuddin Ashraf ,2015-2015,4,0,0,0,0,0,0,0,0,0,0,0,0,3
Sharif Asadullah ,2014-2014,1,0,0,0,0,0,0,0,0,0,0,0,0,3
KV Sharma ,2014-2014,1,0,0,0,0,0,0,0,0,0,0,0,0,3
R Sharma ,2012-2012,2,0,0,0,0,0,0,0,0,0,0,0,0,3
Sohail Khan ,2008-2011,3,0,0,0,0,0,0,0,0,0,0,0,0,3
BB Sran ,2016-2016,2,0,0,0,0,0,0,0,0,0,0,0,0,3
Tanvir Ahmed ,2010-2010,1,0,0,0,0,0,0,0,0,0,0,0,0,3
AC Thomas ,2007-2007,1,0,0,0,0,0,0,0,0,0,0,0,0,3
DC Thomas ,2009-2013,3,0,0,0,0,0,0,0,0,0,0,0,0,3
GC Tonge ,2009-2009,1,0,0,0,0,0,0,0,0,0,0,0,0,3
CT Tremlett ,2007-2007,1,0,0,0,0,0,0,0,0,0,0,0,0,3
S Tyagi ,2009-2009,1,0,0,0,0,0,0,0,0,0,0,0,0,3
JD Unadkat ,2016-2016,1,0,0,0,0,0,0,0,0,0,0,0,0,3
MB van Schelven ,2015-2015,2,0,0,0,0,0,0,0,0,0,0,0,0,3
DJ Vilas ,2012-2012,1,0,0,0,0,0,0,0,0,0,0,0,0,3
SR Welsh ,2008-2008,1,0,0,0,0,0,0,0,0,0,0,0,0,3
KOK Williams ,2016-2016,1,0,0,0,0,0,0,0,0,0,0,0,0,3
MA Wood ,2015-2015,1,0,0,0,0,0,0,0,0,0,0,0,0,3
LJ Woodcock ,2010-2011,3,0,0,0,0,0,0,0,0,0,0,0,0,3
UT Yadav ,2012-2012,1,0,0,0,0,0,0,0,0,0,0,0,0,3
Zamir Khan ,2012-2012,1,0,0,0,0,0,0,0,0,0,0,0,0,3
Q de Kock ,2012-2016,29,29,4,742,52,29.68,578,128.37,0,1,2,88,23,3
KA Pollard ,2008-2016,50,44,10,742,63,21.82,537,138.17,0,2,1,53,39,3
J Charles ,2011-2016,34,33,0,724,84,21.93,595,121.68,0,4,4,84,26,3
MEK Hussey ,2005-2012,38,30,11,721,60,37.94,529,136.29,0,4,1,58,25,3
RS Bopara ,2008-2014,38,35,10,711,65,28.44,599,118.69,0,3,0,54,17,3
Mushfiqur Rahim ,2006-2016,57,49,9,703,50,17.57,627,112.12,0,1,3,58,17,3
Asghar Stanikzai ,2010-2016,36,32,2,693,62,23.1,664,104.36,0,3,2,41,33,3
LD Chandimal ,2010-2016,45,39,1,687,58,18.07,659,104.24,0,4,0,64,15,3
Mahmudullah ,2007-2016,53,46,10,686,64,19.05,593,115.68,0,2,2,50,25,3
GC Wilson ,2008-2016,46,39,4,673,45,19.22,718,93.73,0,0,4,63,5,3
JH Kallis ,2005-2012,25,23,4,666,73,35.05,558,119.35,0,5,0,56,20,3
Samiullah Shenwari ,2010-2016,43,38,8,643,61,21.43,538,119.51,0,1,0,48,20,3
SJ Myburgh ,2012-2016,27,26,2,636,71,26.5,516,123.25,0,5,5,72,21,3
MDKJ Perera ,2013-2016,25,25,0,635,84,25.4,487,130.39,0,5,0,66,23,3
ST Jayasuriya ,2006-2011,31,30,3,629,88,23.29,487,129.15,0,4,4,76,23,3
NLTC Perera ,2010-2016,54,45,17,623,49,22.25,432,144.21,0,0,5,50,29,3
Mohammad Nabi ,2010-2016,45,42,4,621,52,16.34,473,131.28,0,1,3,39,30,3
MR Swart ,2012-2016,26,25,2,621,89,27,537,115.64,0,4,1,53,16,3
PW Borren ,2008-2016,40,35,5,618,57,20.6,505,122.37,0,1,1,58,18,3
CK Kapugedera ,2006-2016,38,34,6,604,48,21.57,511,118.19,0,0,0,47,24,3
Sabbir Rahman ,2014-2016,26,25,5,604,80,30.2,502,120.31,0,3,0,60,15,3
CJ Chibhabha ,2006-2016,30,29,0,600,67,20.68,552,108.69,0,5,2,71,11,3
JE Root ,2012-2016,21,19,3,600,90,37.5,437,137.29,0,4,0,64,14,3
W Barresi ,2012-2016,32,31,4,596,75,22.07,491,121.38,0,3,3,50,19,3
KJ O'Brien ,2008-2016,52,45,9,596,42,16.55,503,118.48,0,0,8,44,23,3
Salman Butt ,2007-2010,24,23,2,595,74,28.33,551,107.98,0,3,1,66,10,3
BRM Taylor ,2006-2014,26,26,5,594,75,28.28,480,123.75,0,5,4,52,17,3
RD Berrington ,2008-2016,36,30,3,590,100,21.85,503,117.29,1,0,5,60,12,3
PD Collingwood ,2005-2011,35,33,2,583,79,18.8,459,127.01,0,3,3,37,24,3
DR Smith ,2006-2015,33,32,0,582,72,18.18,474,122.78,0,3,1,62,31,3
SB Styris ,2005-2010,31,29,2,578,66,21.4,483,119.66,0,1,0,40,25,3
ADS Fletcher ,2008-2016,32,31,4,576,84,21.33,540,106.66,0,5,5,39,27,3
JA Morkel ,2005-2015,50,38,11,572,43,21.18,402,142.28,0,0,1,29,39,3
MN Waller ,2011-2016,28,27,5,567,68,25.77,414,136.95,0,1,2,38,26,3
MJ Lumb ,2010-2014,27,27,1,552,63,21.23,413,133.65,0,3,1,64,21,3
DJG Sammy ,2007-2016,66,50,16,534,42,15.7,359,148.74,0,0,3,42,27,3
C Kieswetter ,2010-2012,25,25,1,526,63,21.91,470,111.91,0,3,2,47,23,3
Babar Hayat ,2014-2016,21,21,4,515,122,30.29,392,131.37,1,2,2,42,20,3
V Sibanda ,2007-2016,26,26,1,511,59,20.44,503,101.59,0,1,3,52,11,3
CO Obuya ,2007-2013,26,24,6,507,75,28.16,463,109.5,0,3,3,37,10,3
Karim Sadiq ,2010-2016,34,34,0,505,72,14.85,456,110.74,0,1,4,58,9,3
SC Williams ,2006-2016,24,24,2,501,58,22.77,409,122.49,0,3,2,48,8,3
Imran Nazir ,2007-2012,25,24,1,500,72,21.73,370,135.13,0,3,2,59,22,3
C Munro ,2012-2016,28,25,5,500,73,25,343,145.77,0,3,1,34,31,3
MJ Clarke ,2005-2010,34,28,5,488,67,21.21,473,103.17,0,1,2,29,10,3
Najibullah Zadran ,2012-2016,27,22,6,484,60,30.25,343,141.1,0,1,0,28,25,3
JDP Oram ,2005-2012,36,30,7,474,66,20.6,339,139.82,0,2,3,38,22,3
GJ Bailey ,2012-2016,29,25,7,470,63,26.11,334,140.71,0,2,1,37,20,3
NJ O'Brien ,2008-2016,30,28,2,466,50,17.92,475,98.1,0,1,0,40,7,3
Noor Ali Zadran ,2010-2016,18,18,1,465,63,27.35,472,98.51,0,3,1,39,4,3
JEC Franklin ,2006-2013,38,31,8,463,60,20.13,391,118.41,0,2,2,28,23,3
JD Ryder ,2008-2014,22,21,1,457,62,22.85,358,127.65,0,3,2,47,18,3
Nawroz Mangal ,2010-2015,30,30,3,454,65,16.81,415,109.39,0,2,4,35,18,3
Mohammad Ashraful ,2007-2013,23,23,0,450,65,19.56,356,126.4,0,2,2,48,11,3
Younis Khan ,2006-2010,25,23,3,442,51,22.1,364,121.42,0,2,2,31,12,3
SPD Smith ,2010-2016,30,25,5,431,90,21.55,352,122.44,0,2,1,34,11,3
D Ramdin ,2006-2016,58,38,12,421,55,16.19,364,115.65,0,1,2,39,8,3
PL Mommsen ,2012-2016,24,19,7,419,68,34.91,329,127.35,0,2,1,32,11,3
S Dhawan ,2011-2016,22,22,2,416,60,20.8,367,113.35,0,2,1,49,12,3
MW Machan ,2013-2016,13,13,3,407,67,40.7,318,127.98,0,3,0,37,7,3
EC Joyce ,2006-2014,18,15,3,405,78,33.75,431,93.96,0,1,0,30,5,3
TLW Cooper ,2012-2016,18,17,3,404,72,28.85,306,132.02,0,2,2,38,16,3
BJ Haddin ,2006-2014,34,29,6,402,47,17.47,351,114.52,0,0,2,30,13,3
RT Ponting ,2005-2009,17,16,2,401,98,28.64,302,132.78,0,2,2,41,11,3
HH Gibbs ,2005-2010,23,23,1,400,90,18.18,318,125.78,0,3,4,45,12,3
Gulbadin Naib ,2012-2016,29,26,7,397,56,20.89,320,124.06,0,1,2,28,18,3
V Sehwag ,2006-2012,19,18,0,394,68,21.88,271,145.38,0,2,1,43,16,3
Abdul Razzaq ,2006-2013,32,29,10,393,46,20.68,337,116.61,0,0,2,21,21,3
MS Chapman ,2014-2016,19,18,1,392,63,23.05,347,112.96,0,1,0,34,9,3
Shaiman Anwar ,2014-2016,18,18,1,383,54,22.52,343,111.66,0,1,1,29,15,3
AM Rahane ,2011-2016,20,20,2,375,61,20.83,331,113.29,0,1,2,32,6,3
CS MacLeod ,2009-2016,24,23,2,372,57,17.71,363,102.47,0,3,3,29,9,3
Nasir Hossain ,2011-2016,31,24,4,370,50,18.5,326,113.49,0,2,2,30,7,3
Mashrafe Mortaza ,2006-2016,49,35,10,366,36,14.64,266,137.59,0,0,5,27,23,3
BN Cooper ,2013-2016,23,20,5,365,66,24.33,314,116.24,0,2,2,31,13,3
Nasir Jamshed ,2012-2013,18,18,1,363,56,21.35,320,113.43,0,2,1,34,12,3
Shafiqullah ,2010-2016,30,27,8,360,51,18.94,253,142.29,0,1,2,26,21,3
Sharjeel Khan ,2013-2016,15,15,0,360,59,24,262,137.4,0,2,0,48,13,3
L Ronchi ,2008-2016,29,23,6,359,51,21.11,252,142.46,0,1,2,30,14,3
Anamul Haque ,2012-2015,13,13,2,355,58,32.27,301,117.94,0,1,1,38,12,3
OA Shah ,2007-2009,17,15,1,347,55,24.78,284,122.18,0,1,0,26,13,3
RR Patel ,2008-2013,22,19,2,345,52,20.29,298,115.77,0,1,1,16,20,3
AD Russell ,2011-2016,43,35,11,345,43,14.37,267,129.21,0,0,6,25,18,3
SO Tikolo ,2007-2013,15,15,3,345,56,28.75,281,122.77,0,2,3,46,6,3
S Chanderpaul ,2006-2010,22,22,5,343,41,20.17,347,98.84,0,0,0,34,5,3
Sikandar Raza ,2013-2016,26,25,0,341,59,13.64,329,103.64,0,1,0,28,6,3
Sarfraz Ahmed ,2010-2016,25,16,6,337,76,33.7,274,122.99,0,2,0,35,4,3
A Symonds ,2005-2009,14,11,4,337,85,48.14,199,169.34,0,2,2,33,10,3
RJ Nicol ,2010-2013,21,19,0,327,58,17.21,296,110.47,0,2,2,33,11,3
RR Rossouw ,2014-2016,15,14,3,327,78,29.72,237,137.97,0,2,2,29,12,3
AA Obanda ,2007-2013,24,22,2,325,79,16.25,299,108.69,0,1,3,43,6,3
LE Bosman ,2006-2010,14,14,1,323,94,24.84,219,147.48,0,3,2,27,20,3
CJ Anderson ,2012-2016,25,18,2,315,82,19.68,246,128.04,0,1,3,22,14,3
ML Hayden ,2005-2007,9,9,3,308,73,51.33,214,143.92,0,4,0,37,13,3
JJ Roy ,2014-2016,16,16,0,308,78,19.25,239,128.87,0,1,3,30,13,3
MH Cross ,2013-2016,19,15,1,306,60,21.85,219,139.72,0,1,1,36,11,3
NL McCullum ,2007-2016,63,41,15,299,36,11.5,297,100.67,0,0,4,19,8,3
Soumya Sarkar ,2015-2016,19,19,0,299,48,15.73,267,111.98,0,0,3,35,9,3
RR Sarwan ,2007-2010,18,16,3,298,59,22.92,286,104.19,0,2,1,19,6,3
Nizakat Khan ,2014-2016,20,18,0,295,62,16.38,257,114.78,0,1,3,18,12,3
HDRL Thirimanne ,2012-2016,26,20,2,291,44,16.16,267,108.98,0,0,1,27,5,3
AN Kervezee ,2009-2012,10,10,1,289,58,32.11,262,110.3,0,2,0,19,6,3
A Bagai ,2008-2013,9,9,2,284,67,40.57,249,114.05,0,2,0,27,0,3
AC Gilchrist ,2005-2008,13,13,1,272,48,22.66,192,141.66,0,0,0,27,13,3
Zeeshan Maqsood ,2015-2016,12,11,0,269,52,24.45,208,129.32,0,1,2,36,7,3
MV Boucher ,2005-2010,25,21,6,268,36,17.86,275,97.45,0,0,0,22,2,3
T Taibu ,2007-2012,17,15,6,259,45,28.77,257,100.77,0,0,2,19,2,3
Adnan Ilyas ,2015-2016,12,11,0,258,54,23.45,218,118.34,0,1,0,16,8,3
SE Marsh ,2008-2016,15,15,1,255,47,18.21,248,102.82,0,0,2,15,10,3
Mohammad Shahzad ,2015-2016,15,15,2,252,52,19.38,213,118.3,0,1,2,21,10,3
DT Johnston ,2008-2013,30,19,7,249,62,20.75,184,135.32,0,1,1,13,11,3
RV Uthappa ,2007-2015,13,12,2,249,50,24.9,211,118,0,1,1,26,6,3
Muhammad Usman ,2016-2016,11,11,2,248,49,27.55,226,109.73,0,0,0,27,8,3
UT Khawaja ,2016-2016,9,9,0,241,58,26.77,182,132.41,0,1,0,31,5,3
Anshuman Rath ,2015-2016,17,16,2,240,41,17.14,285,84.21,0,0,1,23,1,3
Rohan Mustafa ,2014-2016,16,15,1,240,77,17.14,221,108.59,0,1,1,23,9,3
MS Wade ,2011-2016,26,17,5,239,72,19.91,218,109.63,0,1,0,11,9,3
J Mubarak ,2007-2009,16,15,4,238,46,21.63,188,126.59,0,0,2,21,8,3
Rizwan Cheema ,2008-2013,16,16,1,238,68,15.86,219,108.67,0,1,3,23,15,3
Khalid Latif ,2008-2016,13,13,2,237,59,21.54,229,103.49,0,1,1,25,6,3
P Khadka ,2014-2015,11,11,1,236,54,23.6,231,102.16,0,1,1,19,1,3
RE Levi ,2012-2012,13,13,2,236,117,21.45,167,141.31,1,1,3,20,15,3
YK Pathan ,2007-2012,22,18,5,236,37,18.15,161,146.58,0,0,3,11,17,3
DM Bravo ,2010-2014,12,11,0,235,42,21.36,210,111.9,0,0,2,20,9,3
ES Szwarczynski ,2008-2013,14,12,1,233,45,21.18,243,95.88,0,0,0,22,2,3
F Behardien ,2012-2016,25,17,7,232,36,23.2,203,114.28,0,0,1,18,5,3
JF Mooney ,2009-2015,27,23,9,231,31,16.5,214,107.94,0,0,0,25,1,3
AR Cusack ,2008-2015,37,21,6,229,65,15.26,177,129.37,0,1,1,17,6,3
CR Ervine ,2010-2015,16,15,0,229,42,15.26,287,79.79,0,0,1,21,2,3
Aftab Ahmed ,2006-2010,11,11,1,228,62,22.8,178,128.08,0,1,0,26,6,3
T Mishra ,2007-2013,15,15,0,227,38,15.13,263,86.31,0,0,2,15,4,3
TAM Siriwardana ,2015-2016,17,15,3,225,42,18.75,168,133.92,0,0,2,14,10,3
MN van Wyk ,2007-2015,8,7,1,225,114,37.5,157,143.31,1,1,0,19,14,3
Sohaib Maqsood ,2013-2016,20,18,2,221,37,13.81,201,109.95,0,0,2,15,8,3
H Patel ,2010-2013,11,11,1,220,88,22,218,100.91,0,1,2,19,2,3
AD Poynter ,2012-2016,19,14,3,219,57,19.9,184,119.02,0,1,1,21,8,3
Tanwir Afzal ,2014-2016,21,18,2,219,56,13.68,173,126.58,0,1,4,9,15,3
TT Bresnan ,2006-2014,34,22,9,216,47,16.61,170,127.05,0,0,3,16,6,3
DO Obuya ,2007-2012,10,10,2,216,65,27,228,94.73,0,2,1,22,4,3
Usman Ghani ,2015-2016,9,9,0,216,69,24,199,108.54,0,2,0,26,5,3
RN ten Doeschate ,2008-2010,9,9,4,214,56,42.8,166,128.91,0,1,0,11,7,3
RG Aga ,2008-2013,20,18,2,213,52,13.31,196,108.67,0,1,0,15,5,3
Amjad Javed ,2014-2016,15,15,2,211,76,16.23,183,115.3,0,1,1,15,10,3
CA Ingram ,2010-2012,9,9,1,210,78,26.25,162,129.62,0,1,1,23,7,3
DL Vettori ,2007-2014,34,22,6,205,38,12.81,190,107.89,0,0,3,14,2,3
JM Kemp ,2005-2007,8,7,3,203,89,50.75,160,126.87,0,1,0,17,10,3
DS Smith ,2007-2009,6,6,0,203,61,33.83,161,126.08,0,2,0,22,5,3
JJ Atkinson ,2014-2016,13,12,0,202,53,16.83,187,108.02,0,1,3,22,6,3
R Gunasekera ,2012-2013,8,8,0,202,65,25.25,188,107.44,0,1,0,23,4,3
J Botha ,2006-2012,40,20,9,201,34,18.27,165,121.81,0,0,1,15,9,3
Jatinder Singh ,2015-2016,11,11,0,200,42,18.18,221,90.49,0,0,0,16,1,3
MM Ali ,2014-2016,19,17,4,199,72,15.3,174,114.36,0,1,6,19,6,3
S Vesawkar ,2014-2015,10,10,0,199,40,19.9,209,95.21,0,0,0,16,3,3
BMAJ Mendis ,2011-2013,16,12,3,197,43,21.88,158,124.68,0,0,1,18,5,3
JM Bairstow ,2011-2016,20,15,4,195,60,17.72,181,107.73,0,1,0,16,5,3
Fawad Alam ,2007-2010,24,17,6,194,28,17.63,169,114.79,0,0,1,7,7,3
KMDN Kulasekara ,2008-2016,50,26,6,193,31,9.65,163,118.4,0,0,4,11,7,3
Asad Shafiq ,2010-2012,10,10,0,192,38,19.2,185,103.78,0,0,0,19,2,3
Mukhtar Ahmed ,2015-2015,6,6,0,192,83,32,134,143.28,0,2,0,23,5,3
HG Munsey ,2015-2016,13,11,2,190,62,21.11,135,140.74,0,1,3,35,2,3
Sohail Tanvir ,2007-2016,54,23,7,190,41,11.87,158,120.25,0,0,2,15,9,3
SR Patel ,2011-2013,18,14,2,189,67,15.75,173,109.24,0,1,2,17,5,3
IR Bell ,2006-2014,8,8,1,188,60,26.85,163,115.33,0,1,0,23,2,3
CD McMillan ,2005-2007,8,7,1,187,57,31.16,117,159.82,0,1,0,8,14,3
SP Patil ,2014-2016,18,13,0,187,37,14.38,218,85.77,0,0,3,16,4,3
BJ Hodge ,2007-2014,15,11,4,183,36,26.14,144,127.08,0,0,0,9,7,3
KL Rahul ,2016-2016,5,4,2,179,110,89.5,112,159.82,1,0,1,17,8,3
Nazimuddin ,2007-2008,7,7,0,178,81,25.42,158,112.65,0,1,2,13,10,3
LPC Silva ,2006-2011,16,15,2,175,38,13.46,177,98.87,0,0,0,19,3,3
NN Odhiambo ,2007-2013,24,20,2,174,41,9.66,177,98.3,0,0,3,17,4,3
L Vincent ,2006-2007,9,9,0,174,42,19.33,174,100,0,0,1,17,3,3
R Mutumbami ,2015-2016,14,14,3,173,43,15.72,168,102.97,0,0,1,11,8,3
IK Pathan ,2006-2012,24,14,7,172,33,24.57,144,119.44,0,0,0,9,7,3
M Vijay ,2010-2015,9,9,0,169,48,18.77,154,109.74,0,0,1,13,8,3
Khawar Ali ,2015-2016,10,9,0,166,38,18.44,181,91.71,0,0,0,18,5,3
ME Trescothick ,2005-2006,3,3,0,166,72,55.33,131,126.71,0,2,0,23,1,3
Umar Gul ,2007-2016,60,27,9,165,32,9.16,156,105.76,0,0,6,11,10,3
TN de Grooth ,2008-2013,15,13,5,163,49,20.37,155,105.16,0,0,0,16,1,3
G Malla ,2014-2015,11,11,0,163,48,14.81,160,101.87,0,0,1,22,2,3
JM Vince ,2015-2016,5,5,0,163,46,32.6,137,118.97,0,0,0,18,4,3
Aamir Kaleem ,2015-2016,11,10,2,161,46,20.12,143,112.58,0,0,2,15,3,3
H Davids ,2012-2013,9,9,0,161,68,17.88,134,120.14,0,2,2,18,4,3
Junaid Siddique ,2007-2012,7,7,0,159,71,22.71,108,147.22,0,1,1,16,7,3
RR Watson ,2007-2010,10,9,0,159,54,17.66,141,112.76,0,1,1,22,1,3
JL Ontong ,2008-2015,14,10,0,158,48,15.8,109,144.95,0,0,1,6,11,3
Mudassar Bukhari ,2008-2016,38,26,8,157,28,8.72,152,103.28,0,0,1,10,4,3
GD Elliott ,2009-2016,16,14,4,157,27,15.7,149,105.36,0,0,0,10,2,3
DSNFG Jayasuriya ,2015-2016,11,10,0,157,40,15.7,141,111.34,0,0,0,11,7,3
Aizaz Khan ,2014-2016,20,17,7,153,31,15.3,152,100.65,0,0,1,11,4,3
HD Rutherford ,2013-2013,7,6,0,151,62,25.16,104,145.19,0,1,0,12,9,3
BA Stokes ,2011-2016,18,15,4,146,31,13.27,102,143.13,0,0,1,14,6,3
JP Faulkner ,2012-2016,21,15,6,142,41,15.77,127,111.81,0,0,0,5,5,3
AC Voges ,2007-2013,7,5,2,139,51,46.33,114,121.92,0,1,0,8,2,3
IJL Trott ,2007-2010,7,7,1,138,51,23,144,95.83,0,1,0,9,3,3
KD Mills ,2005-2014,42,19,7,137,33,11.41,123,111.38,0,0,4,11,5,3
DF Watts ,2007-2012,11,9,0,137,46,15.22,127,107.87,0,0,2,13,3,3
AR White ,2008-2012,18,12,6,137,29,22.83,128,107.03,0,0,0,12,2,3
MR Marsh ,2011-2016,9,9,3,133,36,22.16,104,127.88,0,0,0,6,8,3
GEF Barnett ,2008-2010,5,5,1,131,36,32.75,136,96.32,0,0,0,16,0,3
WU Tharanga ,2006-2012,10,10,0,131,37,13.1,115,113.91,0,0,2,12,3,3
AC Botha ,2008-2010,14,11,1,130,38,13,141,92.19,0,0,2,12,1,3
Naeem Islam ,2008-2013,10,10,1,130,28,14.44,114,114.03,0,0,0,8,7,3
CJ Jordan ,2014-2016,19,12,4,128,27,16,110,116.36,0,0,0,11,5,3
Mirwais Ashraf ,2010-2016,25,19,8,128,28,11.63,115,111.3,0,0,2,5,8,3
CK Coventry ,2010-2015,13,12,2,127,30,12.7,90,141.11,0,0,2,14,6,3
PG Fulton ,2006-2012,12,12,1,127,25,11.54,140,90.71,0,0,2,7,6,3
MA Ouma ,2007-2013,22,19,1,127,19,7.05,160,79.37,0,0,3,15,1,3
MJ Prior ,2007-2010,10,8,2,127,32,21.16,100,127,0,0,1,11,5,3
SP Narine ,2012-2016,39,16,8,126,30,15.75,92,136.95,0,0,2,11,5,3
AJ Redmond ,2009-2010,7,6,0,126,63,21,84,150,0,1,0,19,2,4
RE van der Merwe ,2009-2016,21,12,5,125,48,17.85,102,122.54,0,0,1,5,7,4
TWM Latham ,2012-2015,12,9,0,124,26,13.77,121,102.47,0,0,0,9,1,4
RJ Peterson ,2006-2014,21,12,4,124,34,15.5,113,109.73,0,0,1,13,2,4
AD Mascarenhas ,2007-2009,14,13,5,123,31,15.37,100,123,0,0,3,8,5,4
RR Hendricks ,2014-2015,5,5,0,121,49,24.2,117,103.41,0,0,1,13,1,4
DR Martyn ,2005-2006,4,4,0,120,96,30,74,162.16,0,1,0,11,5,4
PJ Moor ,2016-2016,8,7,2,120,35,24,108,111.11,0,0,0,4,8,4
DM de Silva ,2015-2016,4,4,0,119,62,29.75,105,113.33,0,1,0,8,0,4
SCJ Broad ,2006-2014,56,26,10,118,18,7.37,118,100,0,0,2,7,3,4
Ziaur Rahman ,2012-2014,14,12,3,117,40,13,91,128.57,0,0,3,3,10,4
Babar Azam ,2016-2016,4,4,3,116,55,116,90,128.88,0,1,0,11,2,4
Shahzaib Hasan ,2009-2010,10,10,0,116,35,11.6,130,89.23,0,0,3,13,3,4
A Vala ,2015-2016,6,6,1,116,34,23.2,130,89.23,0,0,0,10,3,4
DL Maddy ,2007-2007,4,4,0,113,50,28.25,80,141.25,0,1,0,12,3,4
R Ashwin ,2010-2016,45,10,6,112,31,28,108,103.7,0,0,0,13,1,4
SP Khakurel ,2014-2015,8,8,0,112,56,14,139,80.57,0,1,0,10,1,4
MD Shanaka ,2015-2016,11,11,1,112,27,11.2,113,99.11,0,0,1,5,8,4
AP Devcich ,2013-2014,4,4,0,111,59,27.75,79,140.5,0,1,0,17,2,4
E Lewis ,2016-2016,5,5,0,111,100,22.2,71,156.33,1,0,1,6,9,4
SP Fleming ,2005-2006,5,5,0,110,38,22,85,129.41,0,0,0,20,0,4
Anwar Ali ,2008-2016,16,11,4,109,46,15.57,77,141.55,0,0,0,6,6,4
MG Johnson ,2007-2013,30,17,7,109,28,10.9,95,114.73,0,0,2,8,3,4
Harbhajan Singh ,2006-2016,28,13,5,108,21,13.5,87,124.13,0,0,1,11,4,4
B Zuiderent ,2009-2010,6,6,1,108,43,21.6,124,87.09,0,0,0,8,1,4
Mohammad Rizwan ,2015-2016,10,7,1,106,33,17.66,109,97.24,0,0,0,9,1,4
JR Hopes ,2005-2010,12,7,2,105,30,21,98,107.14,0,0,0,7,1,4
WD Parnell ,2009-2015,35,9,6,104,29,34.66,85,122.35,0,0,0,9,3,4
GP Swann ,2008-2012,39,16,11,104,34,20.8,89,116.85,0,0,2,9,1,4
RA Jadeja ,2009-2016,39,17,5,103,25,8.58,116,88.79,0,0,2,6,1,4
SM Davies ,2009-2011,5,5,0,102,33,20.4,82,124.39,0,0,0,12,0,4
MA Leask ,2013-2016,13,9,0,102,58,11.33,96,106.25,0,1,1,7,5,4
JDS Neesham ,2012-2015,13,10,3,102,28,14.57,76,134.21,0,0,1,12,3,4
B Lee ,2005-2012,25,12,6,101,43,16.83,71,142.25,0,0,2,9,4,4
Wahab Riaz ,2008-2016,23,12,4,101,30,12.62,95,106.31,0,0,2,8,3,4
S Dhaniram ,2008-2010,11,9,0,100,26,11.11,123,81.3,0,0,0,6,2,4
KD Karthik ,2006-2010,9,8,2,100,31,16.66,88,113.63,0,0,1,14,1,4
SW Billings ,2015-2016,7,6,0,99,53,16.5,66,150,0,1,0,9,4,4
CR Brathwaite ,2011-2016,13,9,2,99,34,14.14,60,165,0,0,1,5,9,4
Amir Ali ,2015-2016,10,8,3,97,32,19.4,65,149.23,0,0,0,11,2,4
NR Kumar ,2012-2013,6,6,0,97,38,16.16,95,102.1,0,0,0,10,1,4
Muhammad Kaleem ,2016-2016,9,9,0,97,50,10.77,116,83.62,0,1,1,9,3,4
AM Samad ,2008-2010,7,6,0,97,29,16.16,88,110.22,0,0,1,8,4,4
XM Marshall ,2008-2009,6,6,0,96,36,16,77,124.67,0,0,1,8,4,4
RS Morton ,2006-2010,7,7,1,96,40,16,103,93.2,0,0,1,8,2,4
MJG Rippon ,2013-2016,14,7,3,96,25,24,91,105.49,0,0,1,4,1,4
MH Yardy ,2006-2011,14,8,5,96,35,32,72,133.33,0,0,3,9,1,4
TM Odoyo ,2007-2013,11,10,0,95,22,9.5,119,79.83,0,0,1,6,2,4
NS Poonia ,2007-2010,8,7,2,95,38,19,108,87.96,0,0,2,3,1,4
JH Stander ,2009-2012,11,11,2,94,45,10.44,90,104.44,0,0,3,6,4,4
P Utseya ,2006-2015,35,21,9,94,13,7.83,115,81.73,0,0,3,6,1,4
Mohammad Naveed ,2015-2016,14,12,5,92,19,13.14,88,104.54,0,0,1,8,4,4
MC Sorensen ,2012-2016,26,11,6,92,26,18.4,79,116.45,0,0,1,4,3,4
D Wiese ,2013-2016,20,11,4,92,28,13.14,75,122.66,0,0,1,4,3,4
Yasir Arafat ,2007-2012,13,11,4,92,17,13.14,79,116.45,0,0,0,8,2,4
MD Gunathilaka ,2016-2016,5,5,0,91,46,18.2,76,119.73,0,0,0,8,3,4
KM Jadhav ,2015-2016,5,4,0,91,58,22.75,68,133.82,0,1,0,9,2,4
Raees Ahmadzai ,2010-2010,8,6,3,91,33,30.33,84,108.33,0,0,0,5,1,4
Saeed Ajmal ,2009-2015,64,23,12,91,21,8.27,86,105.81,0,0,3,7,2,4
CR Woakes ,2011-2015,8,7,4,91,37,30.33,63,144.44,0,0,1,4,5,4
CJA Amini ,2015-2016,6,5,1,90,37,22.5,97,92.78,0,0,0,4,1,4
GM Hamilton ,2007-2010,12,8,0,90,32,11.25,110,81.81,0,0,0,6,1,4
Sagar Pun ,2014-2015,9,9,0,90,20,10,100,90,0,0,0,13,0,4
DLS van Bunge ,2008-2013,14,12,4,90,24,11.25,104,86.53,0,0,2,2,3,4
GH Worker ,2015-2015,2,2,0,90,62,45,64,140.62,0,1,0,6,5,4
Mandeep Singh ,2016-2016,3,3,1,87,52,43.5,73,119.17,0,1,0,11,1,4
DI Allan ,2012-2013,10,10,0,86,18,8.6,135,63.7,0,0,0,7,0,4
GJ Hopkins ,2007-2010,10,8,0,86,36,10.75,71,121.12,0,0,0,5,5,4
Imad Wasim ,2015-2016,15,9,4,86,24,17.2,55,156.36,0,0,2,6,4,4
T Maruma ,2008-2016,10,10,4,86,23,14.33,83,103.61,0,0,1,6,3,4
SM Pollock ,2005-2008,12,9,2,86,36,12.28,70,122.85,0,0,3,4,4,4
Shamsur Rahman ,2013-2014,9,8,0,86,53,10.75,85,101.17,0,1,2,12,1,4
Sultan Ahmed ,2015-2016,13,9,2,86,37,12.28,68,126.47,0,0,3,12,0,4
Mohammad Mithun ,2014-2016,12,8,0,85,47,10.62,93,91.39,0,0,2,6,3,4
Sompal Kami ,2014-2015,11,7,2,85,40,17,78,108.97,0,0,0,9,3,4
RML Taylor ,2013-2016,9,6,3,85,41,28.33,58,146.55,0,0,0,6,4,4
A Balbirnie ,2015-2016,10,7,0,84,31,12,94,89.36,0,0,1,9,0,4
JE Taylor ,2006-2016,23,12,6,84,21,14,75,112,0,0,1,7,3,4
JK Kamande ,2007-2010,12,9,0,83,42,9.22,92,90.21,0,0,2,5,3,4
N Vanua ,2015-2016,6,5,3,83,28,41.5,48,172.91,0,0,0,3,7,4
AS Hansra ,2012-2013,8,8,2,82,30,13.66,85,96.47,0,0,0,4,3,4
TM Head ,2016-2016,4,4,1,82,45,27.33,52,157.69,0,0,0,5,5,4
SW Poynter ,2015-2016,10,8,0,82,35,10.25,87,94.25,0,0,0,5,2,4
Faizan Asif ,2014-2015,6,6,0,80,28,13.33,64,125,0,0,0,9,3,4
Waqas Barkat ,2014-2016,10,8,1,80,32,11.42,92,86.95,0,0,1,10,0,4
CD Barnwell ,2011-2013,6,6,2,78,34,19.5,62,125.8,0,0,1,4,4,4
HH Pandya ,2016-2016,16,7,0,78,31,11.14,56,139.28,0,0,1,7,4,4
DAJ Bracewell ,2011-2015,14,8,5,77,21,25.66,56,137.5,0,0,1,5,4,4
KD Shah ,2014-2016,15,11,2,77,29,8.55,98,78.57,0,0,3,7,1,4
ML Udawatte ,2008-2009,5,5,0,77,25,15.4,64,120.31,0,0,1,8,2,4
A Flintoff ,2005-2007,7,7,1,76,31,12.66,60,126.66,0,0,1,7,2,4
Imran Farhat ,2010-2011,7,7,0,76,19,10.85,70,108.57,0,0,1,14,0,4
Irfan Ahmed ,2014-2015,8,8,0,76,34,9.5,83,91.56,0,0,2,4,6,4
NFI McCallum ,2007-2010,11,7,0,76,38,10.85,85,89.41,0,0,3,7,1,4
S Matsikenyeri ,2006-2012,10,10,0,76,32,7.6,82,92.68,0,0,2,6,3,4
VS Solanki ,2005-2007,3,3,0,76,43,25.33,61,124.59,0,0,0,10,1,4
Umar Amin ,2013-2014,10,6,0,76,47,12.66,72,105.55,0,0,2,12,0,4
TG Southee ,2008-2015,38,15,5,75,23,7.5,69,108.69,0,0,2,6,3,4
NJ Astle ,2005-2006,4,4,1,74,40,24.66,67,110.44,0,0,0,7,2,4
KO Otieno ,2008-2008,4,4,0,74,40,18.5,79,93.67,0,0,0,5,2,4
Khurram Khan ,2014-2014,3,3,0,73,31,24.33,73,100,0,0,0,8,0,4
AJ Strauss ,2005-2009,4,4,0,73,33,18.25,64,114.06,0,0,1,9,0,4
DJ Willey ,2015-2016,12,8,3,73,21,14.6,59,123.72,0,0,1,2,5,4
Farhad Reza ,2006-2014,13,9,0,72,19,8,88,81.81,0,0,1,4,2,4
SL Malinga ,2006-2016,62,18,7,71,27,6.45,87,81.6,0,0,4,3,3,4
Awais Zia ,2012-2014,5,5,0,70,23,14,80,87.5,0,0,0,4,3,4
SM Katich ,2005-2006,3,2,0,69,39,34.5,47,146.8,0,0,0,8,2,4
Mehran Khan ,2015-2016,11,8,2,69,28,11.5,64,107.81,0,0,0,4,3,4
SR Thompson ,2014-2016,17,11,3,69,26,8.62,64,107.81,0,0,1,6,2,4
TM Dowlin ,2009-2010,2,2,1,68,37,68,69,98.55,0,0,0,8,0,4
NT Broom ,2009-2013,10,6,1,67,36,13.4,61,109.83,0,0,0,7,1,4
Imrul Kayes ,2010-2016,8,8,0,67,22,8.37,89,75.28,0,0,2,8,2,4
MK Pandey ,2015-2016,6,4,0,67,48,16.75,58,115.51,0,0,2,2,4,4
AG Cremer ,2008-2016,27,18,6,65,17,5.41,93,69.89,0,0,2,2,0,4
CA Lynn ,2014-2016,5,4,1,65,33,21.66,48,135.41,0,0,0,3,4,4
Shoaib Khan jnr ,2008-2008,4,4,0,65,50,16.25,74,87.83,0,1,1,7,0,4
RM Haq ,2007-2013,21,12,7,64,21,12.8,96,66.66,0,0,1,2,1,4
DP Hyatt ,2011-2012,5,5,1,64,28,16,54,118.51,0,0,0,4,4,4
DJ Reekers ,2008-2009,6,5,0,64,29,12.8,49,130.61,0,0,1,10,2,4
CD Wallace ,2012-2015,8,5,3,63,26,31.5,49,128.57,0,0,0,7,0,4
AR Patel ,2015-2016,7,5,2,62,20,20.66,50,124,0,0,0,2,3,4
AN Cook ,2007-2009,4,4,0,61,26,15.25,54,112.96,0,0,0,10,0,4
PD McGlashan ,2006-2010,11,9,1,61,26,7.62,64,95.31,0,0,0,6,2,4
PM Seelaar ,2008-2016,36,15,4,61,9,5.54,71,85.91,0,0,1,3,1,4
JWM Dalrymple ,2006-2007,3,3,0,60,32,20,57,105.26,0,0,0,6,0,4
LM Jongwe ,2015-2016,8,7,0,60,34,8.57,65,92.3,0,0,2,4,1,4
N Madziva ,2015-2016,9,7,4,60,28,20,50,120,0,0,1,4,3,4
Mominul Haque ,2012-2014,6,4,1,60,26,20,50,120,0,0,0,5,2,4
P Mustard ,2008-2008,2,2,0,60,40,30,37,162.16,0,0,0,5,4,4
Zeeshan Siddiqui ,2015-2015,5,5,1,60,33,15,63,95.23,0,0,0,7,0,4
PS Airee ,2015-2015,7,7,0,59,29,8.42,53,111.32,0,0,3,8,0,4
Dawlat Zadran ,2012-2016,29,15,7,59,13,7.37,37,159.45,0,0,3,4,5,4
DR Flynn ,2008-2012,5,5,0,59,23,11.8,51,115.68,0,0,0,1,4,4
CJO Smith ,2007-2009,8,6,1,58,46,11.6,54,107.4,0,0,3,6,0,4
Alok Kapali ,2007-2011,7,7,2,57,19,11.4,85,67.05,0,0,2,3,1,4
Sohag Gazi ,2012-2015,10,7,3,57,24,14.25,59,96.61,0,0,0,3,1,4
JM How ,2007-2008,5,5,0,56,31,11.2,67,83.58,0,0,0,5,1,4
SMSM Senanayake ,2012-2016,24,12,6,56,17,9.33,66,84.84,0,0,2,3,1,4
N Deonarine ,2010-2013,8,7,2,55,36,11,53,103.77,0,0,3,5,0,4
GB Hogg ,2006-2014,15,4,0,55,41,13.75,39,141.02,0,0,0,3,3,4
SO Ngoche ,2010-2013,19,12,4,55,38,6.87,70,78.57,0,0,2,2,2,4
HS Baidwan ,2008-2013,17,11,2,54,21,6,52,103.84,0,0,4,4,1,4
GD Drummond ,2008-2013,17,7,0,54,35,7.71,65,83.07,0,0,2,3,0,4
Nurul Hasan ,2016-2016,6,5,2,54,30,18,43,125.58,0,0,1,7,0,4
Usman Limbada ,2010-2013,7,3,2,53,21,53,41,129.26,0,0,0,6,0,4
RP Magar ,2014-2015,6,6,0,52,25,8.66,89,58.42,0,0,1,0,3,4
S Prasanna ,2013-2016,8,8,2,52,21,8.66,46,113.04,0,0,0,4,2,4
IS Billcliff ,2010-2010,2,2,0,51,37,25.5,39,130.76,0,0,0,3,2,4
NM Coulter-Nile ,2013-2016,17,7,2,51,16,10.2,43,118.6,0,0,2,1,5,4
TGJ Gruijters ,2012-2013,8,5,3,51,21,25.5,47,108.51,0,0,0,3,1,4
Raqibul Hasan ,2008-2010,5,5,0,51,18,10.2,62,82.25,0,0,0,3,1,4
HA Varaiya ,2007-2013,25,12,11,51,18,51,81,62.96,0,0,0,1,0,4
Hamid Hassan ,2010-2016,22,9,6,50,22,16.66,46,108.69,0,0,0,3,2,4
Mohammad Yousuf ,2006-2010,3,3,0,50,26,16.66,43,116.27,0,0,0,5,1,4
U Bhatti ,2008-2010,7,7,3,49,12,12.25,48,102.08,0,0,0,3,1,4
CU Jayasinghe ,2009-2010,5,3,2,49,38,49,49,100,0,0,0,3,1,4
Liton Das ,2015-2015,3,3,0,49,22,16.33,45,108.88,0,0,0,3,1,4
SD Outerbridge ,2008-2008,3,3,1,49,37,24.5,51,96.07,0,0,0,2,1,4
DA Rankin ,2015-2016,2,2,0,49,34,24.5,54,90.74,0,0,0,3,2,4
Rashid Khan ,2015-2016,14,5,3,49,15,24.5,36,136.11,0,0,0,4,3,4
K Weeraratne ,2008-2009,5,5,2,49,20,16.33,45,108.88,0,0,0,4,1,4
BKG Mendis ,2016-2016,3,3,0,48,22,16,36,133.33,0,0,0,3,3,4
S Bau ,2016-2016,3,3,0,47,25,15.66,46,102.17,0,0,1,0,3,4
Junaid Siddiqui ,2012-2013,8,6,2,47,21,11.75,39,120.51,0,0,1,2,2,4
IA Karim ,2013-2013,7,7,0,47,15,6.71,82,57.31,0,0,2,2,1,4
KM Dabengwa ,2006-2010,8,7,3,46,16,11.5,40,115,0,0,0,4,2,4
JW Hastings ,2010-2016,9,6,2,46,15,11.5,37,124.32,0,0,0,3,1,4
MM Iqbal ,2012-2013,6,3,0,46,31,15.33,45,102.22,0,0,0,4,1,4
NM Odhiambo ,2010-2013,8,5,2,46,26,15.33,72,63.88,0,0,1,4,1,4
JJ van der Wath ,2006-2007,8,4,1,46,21,15.33,39,117.94,0,0,0,3,1,4
MD Dai ,2015-2016,6,5,0,45,19,9,70,64.28,0,0,0,1,0,4
JH Davey ,2012-2016,11,5,1,45,24,11.25,34,132.35,0,0,0,2,2,4
Haris Sohail ,2013-2015,4,4,1,45,30,15,49,91.83,0,0,0,1,1,4
Haseeb Amjad ,2014-2016,18,10,6,45,12,11.25,45,100,0,0,0,3,1,4
JM Davison ,2008-2010,5,5,0,44,19,8.8,40,110,0,0,2,2,3,4
CH Morris ,2012-2016,11,5,2,44,17,14.66,39,112.82,0,0,1,4,1,4
Saad Nasim ,2014-2014,3,2,0,44,25,22,53,83.01,0,0,0,0,1,4
GJ Thompson ,2016-2016,1,1,0,44,44,44,32,137.5,0,0,0,7,0,4
S Badrinath ,2011-2011,1,1,0,43,43,43,37,116.21,0,0,0,5,0,4
NO Miller ,2009-2014,9,5,4,43,15,43,47,91.48,0,0,0,2,0,4
SM Sharif ,2012-2016,20,8,3,43,26,8.6,38,113.15,0,0,2,4,0,4
TP Ura ,2015-2015,3,3,0,43,32,14.33,38,113.15,0,0,0,5,1,4
Amjad Ali ,2014-2015,5,5,1,42,20,10.5,52,80.76,0,0,0,6,0,4
NG Jones ,2010-2012,5,4,2,42,14,21,38,110.52,0,0,1,1,2,4
AT Rayudu ,2014-2016,6,5,1,42,20,10.5,50,84,0,0,2,5,0,4
Abdur Razzak ,2006-2014,34,20,10,41,9,4.1,74,55.4,0,0,5,1,0,4
K Jethi ,2008-2008,5,5,1,41,24,10.25,59,69.49,0,0,1,0,2,4
Mohammad Amir ,2009-2016,31,8,3,41,21,8.2,51,80.39,0,0,1,1,2,4
K Pala ,2015-2015,2,2,1,41,22,41,30,136.66,0,0,0,4,2,4
GH Dockrell ,2010-2016,39,10,3,40,10,5.71,41,97.56,0,0,3,2,1,4
MJ Santner ,2015-2016,10,7,1,40,18,6.66,47,85.1,0,0,1,3,0,4
