B Geeves,2009-2009,1,1,3.2,0,35,2,Feb-35,17.5,10.5,10,0,0,0
JOA Gordon,2013-2013,2,2,7,0,62,2,Feb-30,31,8.85,21,0,0,0
NM Hauritz,2009-2009,3,2,7.2,0,47,2,Jan-20,23.5,6.4,22,0,0,0
PA Hitchcock,2008-2008,1,1,3,0,43,2,Feb-43,21.5,14.33,9,0,0,0
Imran Khan,2015-2015,3,3,12,0,106,2,Feb-35,53,8.83,36,0,0,0
MM Iqbal,2012-2013,6,3,8,0,59,2,Feb-15,29.5,7.37,24,0,0,0
Jubair Hossain,2015-2015,1,1,2,0,20,2,Feb-20,10,10,6,0,0,0
Kamran Shazad,2014-2014,3,3,8.4,0,77,2,Feb-19,38.5,8.88,26,0,0,0
P Khadka,2014-2015,11,11,28,1,170,2,01-Mar,85,6.07,84,0,0,0
A Khan,2009-2009,1,1,4,0,34,2,Feb-34,17,8.5,12,0,0,0
B Laughlin,2009-2013,3,3,11.5,0,118,2,Jan-32,59,9.97,35.5,0,0,0
KS Lokuarachchi,2012-2012,2,2,6,0,48,2,Feb-31,24,8,18,0,0,0
J Louw,2008-2009,2,2,7,0,54,2,Feb-36,27,7.71,21,0,0,0
AJ McKay,2010-2010,2,2,5.4,0,31,2,Feb-20,15.5,5.47,17,0,0,0
CS MacLeod,2009-2016,24,5,12,0,98,2,Feb-17,49,8.16,36,0,0,0
GI Maiden,2008-2008,3,3,10,0,58,2,Jan-20,29,5.8,30,0,0,0
GT Main,2015-2016,4,2,4,0,34,2,Jan-13,17,8.5,12,0,0,0
H Masakadza,2006-2016,50,9,12,0,113,2,01-Apr,56.5,9.41,36,0,0,0
MJ Mason,2006-2008,3,3,9,0,65,2,Jan-18,32.5,7.22,27,0,0,0
SC Meaker,2012-2012,2,2,7.5,0,70,2,Jan-28,35,8.93,23.5,0,0,0
CT Mutombodzi,2013-2016,5,3,10,0,81,2,Feb-28,40.5,8.1,30,0,0,0
M Nasim Baras,2015-2015,3,3,8,0,56,2,01-Nov,28,7,24,0,0,0
A Nel,2005-2007,2,2,8,0,42,2,Feb-19,21,5.25,24,0,0,0
MS Panesar,2007-2007,1,1,4,0,40,2,Feb-40,20,10,12,0,0,0
H Patel,2010-2013,11,5,9.5,0,83,2,Feb-23,41.5,8.44,29.5,0,0,0
N Pokana,2016-2016,3,3,5,0,30,2,01-May,15,6,15,0,0,0
DBL Powell,2007-2007,5,5,17,0,131,2,01-Jun,65.5,7.7,51,0,0,0
Raza-ur-Rehman,2012-2013,5,3,9,0,58,2,Feb-16,29,6.44,27,0,0,0
AJ Redmond,2009-2010,7,1,2.5,0,24,2,Feb-24,12,8.47,8.5,0,0,0
GA Rogers,2008-2009,2,2,7.5,0,67,2,Feb-15,33.5,8.55,23.5,0,0,0
IH Romaine,2008-2008,2,2,3.4,0,21,2,02-Feb,10.5,5.72,11,0,0,0
JD Ryder,2008-2014,22,5,10,0,68,2,01-Feb,34,6.8,30,0,0,0
RR Sarwan,2007-2010,18,1,2,0,10,2,02-Oct,5,5,6,0,0,0
Sharif Asadullah,2014-2014,1,1,3,0,21,2,Feb-21,10.5,7,9,0,0,0
Shuvagata Hom,2016-2016,5,4,11,0,71,2,Jan-18,35.5,6.45,33,0,0,0
EHSN Silva,2014-2014,2,2,7,0,58,2,Jan-20,29,8.28,21,0,0,0
Sohail Khan,2008-2011,3,3,7,0,51,2,Feb-13,25.5,7.28,21,0,0,0
R Telemachus,2006-2007,3,3,12,0,90,2,Jan-22,45,7.5,36,0,0,0
S Thuraisingam,2008-2008,3,3,7.5,0,44,2,Jan-13,22,5.61,23.5,0,0,0
CT Tremlett,2007-2007,1,1,4,0,45,2,Feb-45,22.5,11.25,12,0,0,0
AJ Tye,2016-2016,3,3,11.2,0,119,2,Jan-28,59.5,10.5,34,0,0,0
AC Voges,2007-2013,7,1,2,0,5,2,02-May,2.5,2.5,6,0,0,0
SR Welsh,2008-2008,1,1,3,0,6,2,02-Jun,3,2,9,0,0,0
AR White,2008-2012,18,1,4,0,18,2,Feb-18,9,4.5,12,0,0,0
G Wijekoon,2007-2007,3,3,11,0,101,2,01-Dec,50.5,9.18,33,0,0,0
KOK Williams,2016-2016,1,1,4,0,15,2,Feb-15,7.5,3.75,12,0,0,0
Aamer Yamin,2015-2015,1,1,2,0,12,1,01-Dec,12,6,12,0,0,0
SA Abbott,2014-2014,3,3,6,0,47,1,Jan-17,47,7.83,36,0,0,0
AC Agar,2016-2016,2,2,3,0,43,1,Jan-25,43,14.33,18,0,0,0
GW Aldridge,2011-2011,1,1,4,0,45,1,Jan-45,45,11.25,24,0,0,0
Amir Ali,2015-2016,10,5,9,0,67,1,01-Jun,67,7.44,54,0,0,0
S Aravind,2015-2015,1,1,3.4,0,44,1,Jan-44,44,12,22,0,0,0
Asghar Stanikzai,2010-2016,36,1,0.4,0,4,1,01-Apr,4,6,4,0,0,0
CD Barnwell,2011-2013,6,4,6,0,51,1,Jan-24,51,8.5,36,0,0,0
A Bhattarai,2014-2014,1,1,3,0,12,1,01-Dec,12,4,18,0,0,0
STR Binny,2015-2016,3,3,5,0,54,1,Jan-14,54,10.8,30,0,0,0
N Boje,2005-2005,1,1,4,0,27,1,Jan-27,27,6.75,24,0,0,0
SG Borthwick,2011-2011,1,1,4,0,15,1,Jan-15,15,3.75,24,0,0,0
CL Cairns,2005-2006,2,2,8,0,52,1,Jan-28,52,6.5,48,0,0,0
BCJ Cutting,2013-2014,4,4,11,0,99,1,Jan-18,99,9,66,0,0,0
H Davids,2012-2013,9,2,2,0,13,1,01-Jun,13,6.5,12,0,0,0
JL Denly,2009-2010,5,1,1,0,9,1,01-Sep,9,9,6,0,0,0
PA Desai,2012-2012,1,1,3,0,30,1,Jan-30,30,10,18,0,0,0
R Dhawan,2016-2016,1,1,4,0,42,1,Jan-42,42,10.5,24,0,0,0
Ehsan Khan,2016-2016,1,1,4,0,26,1,Jan-26,26,6.5,24,0,0,0
Fayyaz Ahmed,2015-2015,1,1,3,0,29,1,Jan-29,29,9.66,18,0,0,0
JN Gillespie,2005-2005,1,1,4,0,49,1,Jan-49,49,12.25,24,0,0,0
SJ Harmison,2005-2006,2,2,6.3,0,42,1,Jan-13,42,6.46,39,0,0,0
BJ Hodge,2007-2014,15,3,5,0,43,1,Jan-13,43,8.6,30,0,0,0
Iftikhar Anjum,2007-2009,2,2,8,0,67,1,Jan-34,67,8.37,48,0,0,0
AJ Ireland,2006-2006,1,1,3,0,33,1,Jan-33,33,11,18,0,0,0
A Karn,2015-2015,2,2,8,0,49,1,Jan-31,49,6.12,48,0,0,0
Khurram Chohan,2010-2010,4,4,12.1,0,106,1,Jan-24,106,8.71,73,0,0,0
Khurram Khan,2014-2014,3,1,1,0,8,1,01-Aug,8,8,6,0,0,0
VJ Kingma,2016-2016,1,1,4,0,32,1,Jan-32,32,8,24,0,0,0
RT Lyons,2010-2010,2,2,6,0,40,1,Jan-26,40,6.66,36,0,0,0
A Martin,2011-2011,1,1,3,0,20,1,Jan-20,20,6.66,18,0,0,0
T Maruma,2008-2016,10,2,3,0,20,1,01-Aug,20,6.66,18,0,0,0
Mohammad Nadeem,2015-2015,2,2,7,0,53,1,Jan-20,53,7.57,42,0,0,0
Mohammad Rafique,2006-2006,1,1,4,0,22,1,Jan-22,22,5.5,24,0,0,0
Mohammad Shahid,2016-2016,1,1,3,0,32,1,Jan-32,32,10.66,18,0,0,0
J Mubarak,2007-2009,16,2,1.2,0,17,1,01-Sep,17,12.75,8,0,0,0
J Mulder,2016-2016,1,1,4,0,25,1,Jan-25,25,6.25,24,0,0,0
T Mupariwa,2007-2008,4,4,13,0,94,1,Jan-22,94,7.23,78,0,0,0
Najeeb Amar,2014-2014,1,1,3,0,29,1,Jan-29,29,9.66,18,0,0,0
Nazmul Hossain,2009-2012,4,4,7,0,67,1,Jan-15,67,9.57,42,0,0,0
P Negi,2016-2016,1,1,3,0,16,1,Jan-16,16,5.33,18,0,0,0
L Nou,2015-2015,3,3,10,0,65,1,Jan-24,65,6.5,60,0,0,0
MP O'Dowd,2015-2016,5,2,2.4,0,14,1,01-Jul,14,5.25,16,0,0,0
JL Ontong,2008-2015,14,4,6,0,83,1,Jan-25,83,13.83,36,0,0,0
MA Parker,2012-2012,2,2,6,0,61,1,Jan-36,61,10.16,36,0,0,0
RR Patel,2008-2013,22,3,3,0,26,1,Jan-13,26,8.66,18,0,0,0
KP Pietersen,2005-2013,37,3,5,0,53,1,Jan-27,53,10.6,30,0,0,0
M Pushpakumara,2009-2009,1,1,3,0,27,1,Jan-27,27,9,18,0,0,0
RLB Rambukwella,2013-2016,2,2,6.3,0,46,1,Jan-19,46,7.07,39,0,0,0
KW Richardson,2014-2016,3,3,10,0,82,1,Jan-13,82,8.2,60,0,0,0
AM Samad,2008-2010,7,1,2,0,36,1,Jan-36,36,18,12,0,0,0
Sandeep Sharma,2015-2015,2,2,7,0,73,1,Jan-39,73,10.42,42,0,0,0
KV Sharma,2014-2014,1,1,4,0,28,1,Jan-28,28,7,24,0,0,0
RG Sharma,2007-2016,62,9,11.2,0,113,1,Jan-22,113,9.97,68,0,0,0
LPC Silva,2006-2011,16,2,3,0,15,1,01-Apr,15,5,18,0,0,0
Sufyan Mehmood,2015-2016,2,2,4.3,0,30,1,Jan-22,30,6.66,27,0,0,0
Tanvir Ahmed,2010-2010,1,1,3,0,13,1,Jan-13,13,4.33,18,0,0,0
BRM Taylor,2006-2014,26,2,5,0,17,1,Jan-16,17,3.4,30,0,0,0
SR Tendulkar,2006-2006,1,1,2.3,0,12,1,01-Dec,12,4.8,15,0,0,0
EP Thompson,2008-2008,1,1,3,1,18,1,Jan-18,18,6,18,0,0,0
GC Tonge,2009-2009,1,1,4,0,25,1,Jan-25,25,6.25,24,0,0,0
Umair Ali,2015-2015,3,2,4,0,28,1,Jan-13,28,7,24,0,0,0
DLS van Bunge,2008-2013,14,2,2.2,0,15,1,Jan-14,15,6.42,14,0,0,0
UWMBCA Welegedara,2010-2010,2,2,6,0,61,1,Jan-21,61,10.16,36,0,0,0
CL White,2007-2014,47,5,7,0,51,1,01-Nov,51,7.28,42,0,0,0
LJ Woodcock,2010-2011,3,3,10,0,70,1,Jan-30,70,7,60,0,0,0
GH Worker,2015-2015,2,1,2,0,19,1,Jan-19,19,9.5,12,0,0,0
UT Yadav,2012-2012,1,1,3,0,24,1,Jan-24,24,8,18,0,0,0
Zaheer Maqsood,2015-2016,3,3,9,0,80,1,Jan-29,80,8.88,54,0,0,0
Zamir Khan,2012-2012,1,1,4,0,26,1,Jan-26,26,6.5,24,0,0,0
C Zhuwao,2008-2011,5,1,0.2,0,1,1,01-Jan,1,3,2,0,0,0
M Zondeki,2006-2006,1,1,3,0,41,1,Jan-41,41,13.66,18,0,0,0
Abdur Rauf,2008-2008,1,1,3,0,21,0,0,0,7,0,0,0,0
Aftab Ahmed,2006-2010,11,1,0.2,0,8,0,0,0,24,0,0,0,0
Ahmed Shehzad,2009-2016,44,1,1,0,10,0,0,0,10,0,0,0,0
J Anderson,2015-2015,4,1,1,0,13,0,0,0,13,0,0,0,0
Arsalan Qadir,2010-2010,1,1,1,0,12,0,0,0,12,0,0,0,0
Asad Ali,2013-2013,2,2,4,0,33,0,0,0,8.25,0,0,0,0
TD Astle,2016-2016,2,2,4,0,41,0,0,0,10.25,0,0,0,0
P Awana,2012-2012,2,2,6,0,71,0,0,0,11.83,0,0,0,0
KMC Bandara,2016-2016,1,1,1,0,11,0,0,0,11,0,0,0,0
GEF Barnett,2008-2010,5,1,1,0,11,0,0,0,11,0,0,0,0
GJ Batty,2009-2009,1,1,3,0,17,0,0,0,5.66,0,0,0,0
S Bau,2016-2016,3,1,1,0,11,0,0,0,11,0,0,0,0
DE Bernard,2009-2009,1,1,4,0,17,0,0,0,4.25,0,0,0,0
RL Bhudia,2007-2007,3,3,7.2,0,78,0,0,0,10.63,0,0,0,0
NE Bonner,2011-2012,2,1,2,0,18,0,0,0,9,0,0,0,0
IDR Bradshaw,2006-2006,1,1,4,0,22,0,0,0,5.5,0,0,0,0
DR Brown,2007-2007,2,1,4,0,44,0,0,0,11,0,0,0,0
DK Butler,2006-2006,1,1,3,0,22,0,0,0,7.33,0,0,0,0
N Deonarine,2010-2013,8,4,9,0,87,0,0,0,9.66,0,0,0,0
DM de Silva,2015-2016,4,2,3,0,20,0,0,0,6.66,0,0,0,0
BJ Diamanti,2009-2009,1,1,2,0,19,0,0,0,9.5,0,0,0,0
F du Plessis,2012-2016,35,2,1.2,0,3,0,0,0,2.25,0,0,0,0
PS Eaglestone,2010-2010,1,1,2,0,16,0,0,0,8,0,0,0,0
Ehsan Nawaz,2014-2016,2,2,2,0,23,0,0,0,11.5,0,0,0,0
Fahad Tariq,2016-2016,6,2,3,0,26,0,0,0,8.66,0,0,0,0
N Pradeep,2016-2016,1,1,2,0,12,0,0,0,6,0,0,0,0
AJ Finch,2011-2016,28,2,2,0,27,0,0,0,13.5,0,0,0,0
DR Flynn,2008-2012,5,1,1,0,7,0,0,0,7,0,0,0,0
DAS Gunaratne,2016-2016,1,1,2.5,0,22,0,0,0,7.76,0,0,0,0
MD Gunathilaka,2016-2016,5,1,1,0,9,0,0,0,9,0,0,0,0
MJ Guptill,2009-2016,61,1,1,0,11,0,0,0,11,0,0,0,0
TM Head,2016-2016,4,1,1,0,9,0,0,0,9,0,0,0,0
T Henderson,2006-2006,1,1,4,0,31,0,0,0,7.75,0,0,0,0
H Hiri,2016-2016,2,1,1,0,5,0,0,0,5,0,0,0,0
KC Hodsoll,2008-2008,1,1,1,0,8,0,0,0,8,0,0,0,0
MEK Hussey,2005-2012,38,1,1,0,5,0,0,0,5,0,0,0,0
Jatinder Singh,2015-2016,11,1,2,0,17,0,0,0,8.5,0,0,0,0
DPMD Jayawardene,2006-2014,55,1,1,0,8,0,0,0,8,0,0,0,0
NG Jones,2010-2012,5,2,2,0,14,0,0,0,7,0,0,0,0
TP Kamungozi,2014-2014,1,1,2,0,17,0,0,0,8.5,0,0,0,0
M Kartik,2007-2007,1,1,4,0,27,0,0,0,6.75,0,0,0,0
JM Kemp,2005-2007,8,1,1,0,5,0,0,0,5,0,0,0,0
GE Kidd,2010-2010,1,1,3,0,32,0,0,0,10.66,0,0,0,0
RJ Kirtley,2007-2007,1,1,1,0,17,0,0,0,17,0,0,0,0
GJP Kruger,2006-2006,1,1,4,0,29,0,0,0,7.25,0,0,0,0
RDM Leverock,2008-2008,2,2,5,0,27,0,0,0,5.4,0,0,0,0
RN Lewis,2008-2008,1,1,1,0,9,0,0,0,9,0,0,0,0
J Little,2016-2016,1,1,4,0,25,0,0,0,6.25,0,0,0,0
NM Lyon,2016-2016,1,1,1,0,15,0,0,0,15,0,0,0,0
S Matsikenyeri,2006-2012,10,3,2.4,0,23,0,0,0,8.62,0,0,0,0
GJ McCarter,2015-2015,3,2,5,0,50,0,0,0,10,0,0,0,0
A Mehmood,2016-2016,2,1,1,0,12,0,0,0,12,0,0,0,0
Mehrab Hossain jnr,2008-2009,2,1,2.5,0,20,0,0,0,7.05,0,0,0,0
KO Meth,2012-2012,2,2,7,0,64,0,0,0,9.14,0,0,0,0
TS Mills,2016-2016,1,1,4,0,22,0,0,0,5.5,0,0,0,0
Mohammad Tauqir,2015-2015,3,3,7,1,55,0,0,0,7.85,0,0,0,0
HJC Mol,2008-2008,4,1,1.3,0,12,0,0,0,8,0,0,0,0
Mominul Haque,2012-2014,6,2,3,0,32,0,0,0,10.66,0,0,0,0
Mosaddek Hossain,2016-2016,1,1,2,0,10,0,0,0,5,0,0,0,0
Muktar Ali,2016-2016,1,1,2,0,17,0,0,0,8.5,0,0,0,0
C Munro,2012-2016,28,2,3,0,30,0,0,0,10,0,0,0,0
Nasir Aziz,2015-2015,1,1,4,0,21,0,0,0,5.25,0,0,0,0
AR Nurse,2011-2015,4,4,13,0,102,0,0,0,7.84,0,0,0,0
LN Oluoch,2013-2013,1,1,2,0,30,0,0,0,15,0,0,0,0
AK Perera,2013-2014,2,1,1,0,17,0,0,0,17,0,0,0,0
PDRL Perera,2006-2006,2,2,7,0,77,0,0,0,11,0,0,0,0
OL Pitcher,2008-2008,3,1,1,0,7,0,0,0,7,0,0,0,0
KTGD Prasad,2011-2011,1,1,3,0,37,0,0,0,12.33,0,0,0,0
EC Rainsford,2010-2010,2,2,6,0,67,0,0,0,11.16,0,0,0,0
Robiul Islam,2013-2013,1,1,1,0,13,0,0,0,13,0,0,0,0
Rumman Raees,2016-2016,1,1,3,0,10,0,0,0,3.33,0,0,0,0
Saad Nasim,2014-2014,3,1,1,0,12,0,0,0,12,0,0,0,0
Sajedul Islam,2013-2013,1,1,1,0,15,0,0,0,15,0,0,0,0
Saqlain Sajib,2016-2016,1,1,3.3,0,40,0,0,0,11.42,0,0,0,0
V Sehwag,2006-2012,19,1,1,0,20,0,0,0,20,0,0,0,0
Shabbir Ahmed,2007-2007,1,1,2,0,19,0,0,0,9.5,0,0,0,0
GC Smith,2005-2011,33,3,4,0,57,0,0,0,14.25,0,0,0,0
JN Snape,2007-2007,1,1,1,0,12,0,0,0,12,0,0,0,0
Sohaib Maqsood,2013-2016,20,1,1,0,12,0,0,0,12,0,0,0,0
Soumya Sarkar,2015-2016,19,1,1,0,11,0,0,0,11,0,0,0,0
MP Stoinis,2015-2015,1,1,1,0,13,0,0,0,13,0,0,0,0
Suhrawadi Shuvo,2010-2010,1,1,1,0,12,0,0,0,12,0,0,0,0
T Taibu,2007-2012,17,2,4,0,41,0,0,0,10.25,0,0,0,0
RJ Trott,2008-2008,3,2,6.3,0,42,0,0,0,6.46,0,0,0,0
TE Tucker,2008-2008,1,1,2,0,5,0,0,0,2.5,0,0,0,0
S Tyagi,2009-2009,1,1,2,0,21,0,0,0,10.5,0,0,0,0
JD Unadkat,2016-2016,1,1,4,0,43,0,0,0,10.75,0,0,0,0
Usman Khan,2013-2013,2,2,5,0,61,0,0,0,12.2,0,0,0,0
M Vijay,2010-2015,9,1,2,0,9,0,0,0,4.5,0,0,0,0
MN Waller,2011-2016,28,1,1,0,4,0,0,0,4,0,0,0,0
Waqas Khan,2014-2016,5,1,1,0,12,0,0,0,12,0,0,0,0
JW Wilson,2005-2005,1,1,4,0,43,0,0,0,10.75,0,0,0,0
Yasir Shah,2011-2011,2,2,4,0,39,0,0,0,9.75,0,0,0,0
Aaqib Sulehri,2015-2016,5,0,0,0,0,0,0,0,0,0,0,0,0
Abdul Shakoor,2015-2015,4,0,0,0,0,0,0,0,0,0,0,0,0
Adnan Ilyas,2015-2016,12,0,0,0,0,0,0,0,0,0,0,0,0
Afsar Zazai,2013-2013,1,0,0,0,0,0,0,0,0,0,0,0,0
RI Ahmed,2015-2015,2,0,0,0,0,0,0,0,0,0,0,0,0
PS Airee,2015-2015,7,0,0,0,0,0,0,0,0,0,0,0,0
TR Ambrose,2008-2008,1,0,0,0,0,0,0,0,0,0,0,0,0
Amjad Ali,2014-2015,5,0,0,0,0,0,0,0,0,0,0,0,0
Amjad Gul,2015-2015,1,0,0,0,0,0,0,0,0,0,0,0,0
HM Amla,2009-2016,37,0,0,0,0,0,0,0,0,0,0,0,0
Anamul Haque,2012-2015,13,0,0,0,0,0,0,0,0,0,0,0,0
Anas Khan,2014-2014,1,0,0,0,0,0,0,0,0,0,0,0,0
RP Arnold,2006-2006,1,0,0,0,0,0,0,0,0,0,0,0,0
Asad Shafiq,2010-2012,10,0,0,0,0,0,0,0,0,0,0,0,0
MS Atapattu,2006-2006,2,0,0,0,0,0,0,0,0,0,0,0,0
JJ Atkinson,2014-2016,13,0,0,0,0,0,0,0,0,0,0,0,0
Awais Zia,2012-2014,5,0,0,0,0,0,0,0,0,0,0,0,0
Babar Azam,2016-2016,4,0,0,0,0,0,0,0,0,0,0,0,0
Babar Hayat,2014-2016,21,0,0,0,0,0,0,0,0,0,0,0,0
S Badrinath,2011-2011,1,0,0,0,0,0,0,0,0,0,0,0,0
A Bagai,2008-2013,9,0,0,0,0,0,0,0,0,0,0,0,0
GJ Bailey,2012-2016,29,0,0,0,0,0,0,0,0,0,0,0,0
JM Bairstow,2011-2016,20,0,0,0,0,0,0,0,0,0,0,0,0
A Balbirnie,2015-2016,10,0,0,0,0,0,0,0,0,0,0,0,0
CT Bancroft,2016-2016,1,0,0,0,0,0,0,0,0,0,0,0,0
AB Barath,2010-2011,2,0,0,0,0,0,0,0,0,0,0,0,0
W Barresi,2012-2016,32,0,0,0,0,0,0,0,0,0,0,0,0
MC Bascombe,2011-2011,1,0,0,0,0,0,0,0,0,0,0,0,0
OO Bascome,2008-2008,1,0,0,0,0,0,0,0,0,0,0,0,0
TC Bastiampillai,2010-2010,2,0,0,0,0,0,0,0,0,0,0,0,0
CS Baugh,2008-2012,3,0,0,0,0,0,0,0,0,0,0,0,0
IR Bell,2006-2014,8,0,0,0,0,0,0,0,0,0,0,0,0
B Bhandari,2014-2015,10,0,0,0,0,0,0,0,0,0,0,0,0
RA Bhatti,2012-2012,4,0,0,0,0,0,0,0,0,0,0,0,0
IS Billcliff,2010-2010,2,0,0,0,0,0,0,0,0,0,0,0,0
SW Billings,2015-2016,7,0,0,0,0,0,0,0,0,0,0,0,0
TR Birt,2010-2012,4,0,0,0,0,0,0,0,0,0,0,0,0
AM Blignaut,2010-2010,1,0,0,0,0,0,0,0,0,0,0,0,0
GH Bodi,2007-2007,1,0,0,0,0,0,0,0,0,0,0,0,0
LE Bosman,2006-2010,14,0,0,0,0,0,0,0,0,0,0,0,0
MV Boucher,2005-2010,25,0,0,0,0,0,0,0,0,0,0,0,0
DM Bravo,2010-2014,12,0,0,0,0,0,0,0,0,0,0,0,0
JP Bray,2009-2009,2,0,0,0,0,0,0,0,0,0,0,0,0
NT Broom,2009-2013,10,0,0,0,0,0,0,0,0,0,0,0,0
DG Brownlie,2010-2014,5,0,0,0,0,0,0,0,0,0,0,0,0
NB Budayair,2014-2014,4,0,0,0,0,0,0,0,0,0,0,0,0
JC Buttler,2011-2016,50,0,0,0,0,0,0,0,0,0,0,0,0
AF Buurman,2010-2010,4,0,0,0,0,0,0,0,0,0,0,0,0
MA Carberry,2014-2014,1,0,0,0,0,0,0,0,0,0,0,0,0
C Carter,2015-2016,8,0,0,0,0,0,0,0,0,0,0,0,0
JJ Celestine,2008-2008,3,0,0,0,0,0,0,0,0,0,0,0,0
RW Chakabva,2008-2015,5,0,0,0,0,0,0,0,0,0,0,0,0
S Chanderpaul,2006-2010,22,0,0,0,0,0,0,0,0,0,0,0,0
LD Chandimal,2010-2016,45,0,0,0,0,0,0,0,0,0,0,0,0
J Charles,2011-2016,34,0,0,0,0,0,0,0,0,0,0,0,0
DO Christian,2011-2011,2,0,0,0,0,0,0,0,0,0,0,0,0
FRJ Coleman,2013-2013,1,0,0,0,0,0,0,0,0,0,0,0,0
AN Cook,2007-2009,4,0,0,0,0,0,0,0,0,0,0,0,0
BN Cooper,2013-2016,23,0,0,0,0,0,0,0,0,0,0,0,0
CK Coventry,2010-2015,13,0,0,0,0,0,0,0,0,0,0,0,0
MH Cross,2013-2016,19,0,0,0,0,0,0,0,0,0,0,0,0
D Daesrath,2013-2013,1,0,0,0,0,0,0,0,0,0,0,0,0
RR David,2008-2008,4,0,0,0,0,0,0,0,0,0,0,0,0
SM Davies,2009-2011,5,0,0,0,0,0,0,0,0,0,0,0,0
C de Grandhomme,2012-2012,4,0,0,0,0,0,0,0,0,0,0,0,0
TN de Grooth,2008-2013,15,0,0,0,0,0,0,0,0,0,0,0,0
Q de Kock,2012-2016,29,0,0,0,0,0,0,0,0,0,0,0,0
SI de Saram,2009-2009,1,0,0,0,0,0,0,0,0,0,0,0,0
AB de Villiers,2006-2016,71,0,0,0,0,0,0,0,0,0,0,0,0
S Dhawan,2011-2016,22,0,0,0,0,0,0,0,0,0,0,0,0
Dhiman Ghosh,2008-2008,1,0,0,0,0,0,0,0,0,0,0,0,0
MS Dhoni,2006-2016,73,0,0,0,0,0,0,0,0,0,0,0,0
N Dickwella,2016-2016,3,0,0,0,0,0,0,0,0,0,0,0,0
HH Dippenaar,2006-2006,1,0,0,0,0,0,0,0,0,0,0,0,0
TM Dowlin,2009-2010,2,0,0,0,0,0,0,0,0,0,0,0,0
R Dravid,2011-2011,1,0,0,0,0,0,0,0,0,0,0,0,0
BR Dunk,2014-2014,3,0,0,0,0,0,0,0,0,0,0,0,0
J Edness,2008-2008,3,0,0,0,0,0,0,0,0,0,0,0,0
CR Ervine,2010-2015,16,0,0,0,0,0,0,0,0,0,0,0,0
Faizan Asif,2014-2015,6,0,0,0,0,0,0,0,0,0,0,0,0
CJ Ferguson,2009-2009,3,0,0,0,0,0,0,0,0,0,0,0,0
SE Findlay,2008-2008,2,0,0,0,0,0,0,0,0,0,0,0,0
R Flannigan,2012-2012,4,0,0,0,0,0,0,0,0,0,0,0,0
SP Fleming,2005-2006,5,0,0,0,0,0,0,0,0,0,0,0,0
ADS Fletcher,2008-2016,32,0,0,0,0,0,0,0,0,0,0,0,0
CR Foggo,2008-2008,3,0,0,0,0,0,0,0,0,0,0,0,0
JS Foster,2009-2009,5,0,0,0,0,0,0,0,0,0,0,0,0
PG Fulton,2006-2012,12,0,0,0,0,0,0,0,0,0,0,0,0
G Gambhir,2007-2012,37,0,0,0,0,0,0,0,0,0,0,0,0
D Ganga,2006-2006,1,0,0,0,0,0,0,0,0,0,0,0,0
HH Gibbs,2005-2010,23,0,0,0,0,0,0,0,0,0,0,0,0
AC Gilchrist,2005-2008,13,0,0,0,0,0,0,0,0,0,0,0,0
DM Gondaria,2013-2013,2,0,0,0,0,0,0,0,0,0,0,0,0
TG Gordon,2012-2012,3,0,0,0,0,0,0,0,0,0,0,0,0
R Gunasekera,2012-2013,8,0,0,0,0,0,0,0,0,0,0,0,0
BJ Haddin,2006-2014,34,0,0,0,0,0,0,0,0,0,0,0,0
AD Hales,2011-2016,45,0,0,0,0,0,0,0,0,0,0,0,0
GM Hamilton,2007-2010,12,0,0,0,0,0,0,0,0,0,0,0,0
Hammad Azam,2012-2013,5,0,0,0,0,0,0,0,0,0,0,0,0
Hamza Tariq,2013-2013,3,0,0,0,0,0,0,0,0,0,0,0,0
Haris Sohail,2013-2015,4,0,0,0,0,0,0,0,0,0,0,0,0
Hashmatullah Shahidi,2013-2013,1,0,0,0,0,0,0,0,0,0,0,0,0
ML Hayden,2005-2007,9,0,0,0,0,0,0,0,0,0,0,0,0
DL Hemp,2008-2008,2,0,0,0,0,0,0,0,0,0,0,0,0
RR Hendricks,2014-2015,5,0,0,0,0,0,0,0,0,0,0,0,0
WW Hinds,2006-2010,5,0,0,0,0,0,0,0,0,0,0,0,0
GJ Hopkins,2007-2010,10,0,0,0,0,0,0,0,0,0,0,0,0
JM How,2007-2008,5,0,0,0,0,0,0,0,0,0,0,0,0
PJ Hughes,2014-2014,1,0,0,0,0,0,0,0,0,0,0,0,0
DP Hyatt,2011-2012,5,0,0,0,0,0,0,0,0,0,0,0,0
Iftikhar Ahmed,2016-2016,1,0,0,0,0,0,0,0,0,0,0,0,0
Imran Farhat,2010-2011,7,0,0,0,0,0,0,0,0,0,0,0,0
Imran Nazir,2007-2012,25,0,0,0,0,0,0,0,0,0,0,0,0
Imrul Kayes,2010-2016,8,0,0,0,0,0,0,0,0,0,0,0,0
CA Ingram,2010-2012,9,0,0,0,0,0,0,0,0,0,0,0,0
PJ Ingram,2010-2010,3,0,0,0,0,0,0,0,0,0,0,0,0
Inzamam-ul-Haq,2006-2006,1,0,0,0,0,0,0,0,0,0,0,0,0
KM Jadhav,2015-2016,5,0,0,0,0,0,0,0,0,0,0,0,0
Jahurul Islam,2010-2013,3,0,0,0,0,0,0,0,0,0,0,0,0
Javed Ahmadi,2012-2012,2,0,0,0,0,0,0,0,0,0,0,0,0
CU Jayasinghe,2009-2010,5,0,0,0,0,0,0,0,0,0,0,0,0
JS Jesani,2007-2007,1,0,0,0,0,0,0,0,0,0,0,0,0
K Jethi,2008-2008,5,0,0,0,0,0,0,0,0,0,0,0,0
GO Jones,2005-2006,2,0,0,0,0,0,0,0,0,0,0,0,0
EC Joyce,2006-2014,18,0,0,0,0,0,0,0,0,0,0,0,0
Junaid Siddique,2007-2012,7,0,0,0,0,0,0,0,0,0,0,0,0
S Jyoti,2008-2008,2,0,0,0,0,0,0,0,0,0,0,0,0
Kamran Akmal,2006-2014,54,0,0,0,0,0,0,0,0,0,0,0,0
SHT Kandamby,2008-2011,5,0,0,0,0,0,0,0,0,0,0,0,0
CK Kapugedera,2006-2016,38,0,0,0,0,0,0,0,0,0,0,0,0
IA Karim,2013-2013,7,0,0,0,0,0,0,0,0,0,0,0,0
KD Karthik,2006-2010,9,0,0,0,0,0,0,0,0,0,0,0,0
SM Katich,2005-2006,3,0,0,0,0,0,0,0,0,0,0,0,0
AN Kervezee,2009-2012,10,0,0,0,0,0,0,0,0,0,0,0,0
S Keshvani,2010-2010,2,0,0,0,0,0,0,0,0,0,0,0,0
RWT Key,2009-2009,1,0,0,0,0,0,0,0,0,0,0,0,0
SP Khakurel,2014-2015,8,0,0,0,0,0,0,0,0,0,0,0,0
Khalid Latif,2008-2016,13,0,0,0,0,0,0,0,0,0,0,0,0
UT Khawaja,2016-2016,9,0,0,0,0,0,0,0,0,0,0,0,0
Khurram Manzoor,2016-2016,3,0,0,0,0,0,0,0,0,0,0,0,0
C Kieswetter,2010-2012,25,0,0,0,0,0,0,0,0,0,0,0,0
HG Kuhn,2009-2011,5,0,0,0,0,0,0,0,0,0,0,0,0
HGJM Kulatunga,2008-2008,2,0,0,0,0,0,0,0,0,0,0,0,0
NR Kumar,2012-2013,6,0,0,0,0,0,0,0,0,0,0,0,0
TWM Latham,2012-2015,12,0,0,0,0,0,0,0,0,0,0,0,0
RE Levi,2012-2012,13,0,0,0,0,0,0,0,0,0,0,0,0
E Lewis,2016-2016,5,0,0,0,0,0,0,0,0,0,0,0,0
Liton Das,2015-2015,3,0,0,0,0,0,0,0,0,0,0,0,0
MJ Lumb,2010-2014,27,0,0,0,0,0,0,0,0,0,0,0,0
CA Lynn,2014-2016,5,0,0,0,0,0,0,0,0,0,0,0,0
NFI McCallum,2007-2010,11,0,0,0,0,0,0,0,0,0,0,0,0
BB McCullum,2005-2015,71,0,0,0,0,0,0,0,0,0,0,0,0
PD McGlashan,2006-2010,11,0,0,0,0,0,0,0,0,0,0,0,0
ND McKenzie,2006-2009,2,0,0,0,0,0,0,0,0,0,0,0,0
CD McMillan,2005-2007,8,0,0,0,0,0,0,0,0,0,0,0,0
NJ Maddinson,2013-2014,2,0,0,0,0,0,0,0,0,0,0,0,0
RP Magar,2014-2015,6,0,0,0,0,0,0,0,0,0,0,0,0
G Malla,2014-2015,11,0,0,0,0,0,0,0,0,0,0,0,0
AK Mandal,2015-2015,2,0,0,0,0,0,0,0,0,0,0,0,0
Mandeep Singh,2016-2016,3,0,0,0,0,0,0,0,0,0,0,0,0
SE Marsh,2008-2016,15,0,0,0,0,0,0,0,0,0,0,0,0
HJH Marshall,2005-2006,3,0,0,0,0,0,0,0,0,0,0,0,0
JAH Marshall,2005-2008,3,0,0,0,0,0,0,0,0,0,0,0,0
XM Marshall,2008-2009,6,0,0,0,0,0,0,0,0,0,0,0,0
DR Martyn,2005-2006,4,0,0,0,0,0,0,0,0,0,0,0,0
RD McCann,2012-2012,3,0,0,0,0,0,0,0,0,0,0,0,1
BKG Mendis,2016-2016,3,0,0,0,0,0,0,0,0,0,0,0,1
DA Miller,2010-2016,46,0,0,0,0,0,0,0,0,0,0,0,1
Misbah-ul-Haq,2007-2012,39,0,0,0,0,0,0,0,0,0,0,0,1
Mohammad Iqbal,2008-2008,3,0,0,0,0,0,0,0,0,0,0,0,1
Mohammad Mithun,2014-2016,12,0,0,0,0,0,0,0,0,0,0,0,1
Mohammad Qazi,2008-2008,1,0,0,0,0,0,0,0,0,0,0,0,1
Mohammad Rizwan,2015-2016,10,0,0,0,0,0,0,0,0,0,0,0,1
Mohammad Salman,2011-2011,1,0,0,0,0,0,0,0,0,0,0,0,1
Mohammad Shahzad,2010-2016,48,0,0,0,0,0,0,0,0,0,0,0,1
Mohammad Yousuf,2006-2010,3,0,0,0,0,0,0,0,0,0,0,0,1
GMC Mol,2008-2008,1,0,0,0,0,0,0,0,0,0,0,0,1
D Mongia,2006-2006,1,0,0,0,0,0,0,0,0,0,0,0,1
PJ Moor,2016-2016,8,0,0,0,0,0,0,0,0,0,0,0,1
VV Morea,2015-2016,4,0,0,0,0,0,0,0,0,0,0,0,1
EJG Morgan,2009-2016,64,0,0,0,0,0,0,0,0,0,0,0,1
RS Morton,2006-2010,7,0,0,0,0,0,0,0,0,0,0,0,1
Muhammad Kaleem,2016-2016,9,0,0,0,0,0,0,0,0,0,0,0,1
Muhammad Usman,2016-2016,11,0,0,0,0,0,0,0,0,0,0,0,1
Mukhtar Ahmed,2015-2015,6,0,0,0,0,0,0,0,0,0,0,0,1
AA Mulla,2008-2008,4,0,0,0,0,0,0,0,0,0,0,0,1
EMDY Munaweera,2012-2013,4,0,0,0,0,0,0,0,0,0,0,0,1
Munir Dar,2014-2014,2,0,0,0,0,0,0,0,0,0,0,0,1
HG Munsey,2015-2016,13,0,0,0,0,0,0,0,0,0,0,0,1
D Murphy,2013-2013,4,0,0,0,0,0,0,0,0,0,0,0,1
Mushfiqur Rahim,2006-2016,57,0,0,0,0,0,0,0,0,0,0,0,1
P Mustard,2008-2008,2,0,0,0,0,0,0,0,0,0,0,0,1
F Mutizwa,2011-2012,3,0,0,0,0,0,0,0,0,0,0,0,1
R Mutumbami,2015-2016,14,0,0,0,0,0,0,0,0,0,0,0,1
SJ Myburgh,2012-2016,27,0,0,0,0,0,0,0,0,0,0,0,1
Nadif Chowdhury,2006-2007,3,0,0,0,0,0,0,0,0,0,0,0,1
Najeeb Tarakai,2014-2014,2,0,0,0,0,0,0,0,0,0,0,0,1
Najibullah Zadran,2012-2016,27,0,0,0,0,0,0,0,0,0,0,0,1
Nasir Jamshed,2012-2013,18,0,0,0,0,0,0,0,0,0,0,0,1
Nauman Anwar,2015-2015,1,0,0,0,0,0,0,0,0,0,0,0,1
Nazimuddin,2007-2008,7,0,0,0,0,0,0,0,0,0,0,0,1
Nazmus Sadat,2006-2006,1,0,0,0,0,0,0,0,0,0,0,0,1
PM Nevill,2016-2016,9,0,0,0,0,0,0,0,0,0,0,0,1
HM Nicholls,2016-2016,1,0,0,0,0,0,0,0,0,0,0,0,1
PA Nixon,2007-2007,1,0,0,0,0,0,0,0,0,0,0,0,1
ML Nkala,2006-2006,1,0,0,0,0,0,0,0,0,0,0,0,1
Noor Ali Zadran,2010-2016,18,0,0,0,0,0,0,0,0,0,0,0,1
MJ North,2009-2009,1,0,0,0,0,0,0,0,0,0,0,0,1
Nurul Hasan,2016-2016,6,0,0,0,0,0,0,0,0,0,0,0,1
AA Obanda,2007-2013,24,0,0,0,0,0,0,0,0,0,0,0,1
NJ O'Brien,2008-2016,30,0,0,0,0,0,0,0,0,0,0,0,1
DO Obuya,2007-2012,10,0,0,0,0,0,0,0,0,0,0,0,1
NV Ojha,2010-2010,2,0,0,0,0,0,0,0,0,0,0,0,1
KO Otieno,2008-2008,4,0,0,0,0,0,0,0,0,0,0,0,1
MA Ouma,2007-2013,22,0,0,0,0,0,0,0,0,0,0,0,1
SD Outerbridge,2008-2008,3,0,0,0,0,0,0,0,0,0,0,0,1
TD Paine,2009-2011,5,0,0,0,0,0,0,0,0,0,0,0,1
K Pala,2015-2015,2,0,0,0,0,0,0,0,0,0,0,0,1
MK Pandey,2015-2016,6,0,0,0,0,0,0,0,0,0,0,0,1
BA Parchment,2007-2007,1,0,0,0,0,0,0,0,0,0,0,0,1
PA Patel,2011-2011,2,0,0,0,0,0,0,0,0,0,0,0,1
SP Patil,2014-2016,18,0,0,0,0,0,0,0,0,0,0,0,1
MDKJ Perera,2013-2016,25,0,0,0,0,0,0,0,0,0,0,0,1
WKD Perkins,2008-2008,1,0,0,0,0,0,0,0,0,0,0,0,1
AN Petersen,2010-2010,2,0,0,0,0,0,0,0,0,0,0,0,1
LA Pomersbach,2007-2007,1,0,0,0,0,0,0,0,0,0,0,0,1
RT Ponting,2005-2009,17,0,0,0,0,0,0,0,0,0,0,0,1
NS Poonia,2007-2010,8,0,0,0,0,0,0,0,0,0,0,0,1
N Pooran,2016-2016,3,0,0,0,0,0,0,0,0,0,0,0,1
WTS Porterfield,2008-2016,49,0,0,0,0,0,0,0,0,0,0,0,1
KOA Powell,2014-2014,1,0,0,0,0,0,0,0,0,0,0,0,1
AD Poynter,2012-2016,19,0,0,0,0,0,0,0,0,0,0,0,1
SW Poynter,2015-2016,10,0,0,0,0,0,0,0,0,0,0,0,1
AG Prince,2005-2005,1,0,0,0,0,0,0,0,0,0,0,0,1
MJ Prior,2007-2010,10,0,0,0,0,0,0,0,0,0,0,0,1
Raees Ahmadzai,2010-2010,8,0,0,0,0,0,0,0,0,0,0,0,1
Rafatullah Mohmand,2015-2015,3,0,0,0,0,0,0,0,0,0,0,0,1
AM Rahane,2011-2016,20,0,0,0,0,0,0,0,0,0,0,0,1
KL Rahul,2016-2016,5,0,0,0,0,0,0,0,0,0,0,0,1
D Ramdin,2006-2016,58,0,0,0,0,0,0,0,0,0,0,0,1
Rameez Raja,2011-2011,2,0,0,0,0,0,0,0,0,0,0,0,1
DA Rankin,2015-2016,2,0,0,0,0,0,0,0,0,0,0,0,1
Raqibul Hasan,2008-2010,5,0,0,0,0,0,0,0,0,0,0,0,1
AT Rayudu,2014-2016,6,0,0,0,0,0,0,0,0,0,0,0,1
CMW Read,2006-2006,1,0,0,0,0,0,0,0,0,0,0,0,1
NJ Reardon,2014-2014,2,0,0,0,0,0,0,0,0,0,0,0,1
DJ Reekers,2008-2009,6,0,0,0,0,0,0,0,0,0,0,0,1
FL Reifer,2009-2009,1,0,0,0,0,0,0,0,0,0,0,0,1
ACL Richards,2007-2007,1,0,0,0,0,0,0,0,0,0,0,0,1
DM Richards,2009-2009,1,0,0,0,0,0,0,0,0,0,0,0,1
BJ Rohrer,2013-2013,1,0,0,0,0,0,0,0,0,0,0,0,1
L Ronchi,2008-2016,29,0,0,0,0,0,0,0,0,0,0,0,1
Rony Talukdar,2015-2015,1,0,0,0,0,0,0,0,0,0,0,0,1
RR Rossouw,2014-2016,15,0,0,0,0,0,0,0,0,0,0,0,1
JJ Roy,2014-2016,16,0,0,0,0,0,0,0,0,0,0,0,1
JA Rudolph,2006-2006,1,0,0,0,0,0,0,0,0,0,0,0,1
RJMGM Rupasinghe,2009-2009,2,0,0,0,0,0,0,0,0,0,0,0,1
HD Rutherford,2013-2013,7,0,0,0,0,0,0,0,0,0,0,0,1
Salman Butt,2007-2010,24,0,0,0,0,0,0,0,0,0,0,0,1
SV Samson,2015-2015,1,0,0,0,0,0,0,0,0,0,0,0,1
KC Sangakkara,2006-2014,56,0,0,0,0,0,0,0,0,0,0,0,1
Saqlain Haider,2016-2016,6,0,0,0,0,0,0,0,0,0,0,0,1
Sarfraz Ahmed,2010-2016,25,0,0,0,0,0,0,0,0,0,0,0,1
JD Schoonheim,2008-2008,1,0,0,0,0,0,0,0,0,0,0,0,1
Shabir Noori,2012-2012,1,0,0,0,0,0,0,0,0,0,0,0,1
Shafiqullah,2010-2016,30,0,0,0,0,0,0,0,0,0,0,0,1
KD Shah,2014-2016,15,0,0,0,0,0,0,0,0,0,0,0,1
OA Shah,2007-2009,17,0,0,0,0,0,0,0,0,0,0,0,1
Shahid Wasif,2016-2016,1,0,0,0,0,0,0,0,0,0,0,0,1
Shahriar Nafees,2006-2006,1,0,0,0,0,0,0,0,0,0,0,0,1
Shahzaib Hasan,2009-2010,10,0,0,0,0,0,0,0,0,0,0,0,1
Shaiman Anwar,2014-2016,18,0,0,0,0,0,0,0,0,0,0,0,1
Shakeel Ansar,2012-2012,2,0,0,0,0,0,0,0,0,0,0,0,1
Shamsur Rahman,2013-2014,9,0,0,0,0,0,0,0,0,0,0,0,1
JNK Shannon,2013-2016,2,0,0,0,0,0,0,0,0,0,0,0,1
Sharjeel Khan,2013-2016,15,0,0,0,0,0,0,0,0,0,0,0,1
V Shetty,2014-2014,2,0,0,0,0,0,0,0,0,0,0,0,1
Shoaib Khan jnr,2008-2008,4,0,0,0,0,0,0,0,0,0,0,0,1
L Siaka,2015-2016,6,0,0,0,0,0,0,0,0,0,0,0,1
V Sibanda,2007-2016,26,0,0,0,0,0,0,0,0,0,0,0,1
Sikander Zulfiqar,2016-2016,2,0,0,0,0,0,0,0,0,0,0,0,1
MS Sinclair,2005-2007,2,0,0,0,0,0,0,0,0,0,0,0,1
CJO Smith,2007-2009,8,0,0,0,0,0,0,0,0,0,0,0,1
DS Smith,2007-2009,6,0,0,0,0,0,0,0,0,0,0,0,1
SJS Smith,2010-2012,5,0,0,0,0,0,0,0,0,0,0,0,1
J Smits,2008-2009,6,0,0,0,0,0,0,0,0,0,0,0,1
VS Solanki,2005-2007,3,0,0,0,0,0,0,0,0,0,0,0,1
AJ Strauss,2005-2009,4,0,0,0,0,0,0,0,0,0,0,0,1
R Strydom,2008-2008,4,0,0,0,0,0,0,0,0,0,0,0,1
Shahid Afridi,2006-2016,98,96,357.2,4,2362,97,04-Nov,24.35,6.61,22.1,3,0,1
Saeed Ajmal,2009-2015,64,63,238.2,2,1516,85,Apr-19,17.83,6.36,16.8,4,0,1
Umar Gul,2007-2016,60,60,200.3,2,1443,85,05-Jun,16.97,7.19,14.1,4,2,1
SL Malinga,2006-2016,62,62,217.5,0,1582,78,May-31,20.28,7.26,16.7,1,1,1
BAW Mendis,2008-2014,39,39,147.3,5,952,66,06-Aug,14.42,6.45,13.4,3,2,1
SCJ Broad,2006-2014,56,55,195.3,2,1491,65,Apr-24,22.93,7.62,18,1,0,1
Shakib Al Hasan,2006-2016,54,53,195.5,1,1322,65,Apr-15,20.33,6.75,18,3,0,1
NL McCullum,2007-2016,63,59,187.1,0,1278,58,Apr-16,22.03,6.82,19.3,2,0,1
DW Steyn,2007-2016,42,42,150.1,2,1009,58,04-Sep,17.39,6.71,15.5,2,0,1
KMDN Kulasekara,2008-2016,50,50,176.1,6,1280,56,Apr-32,22.85,7.26,18.8,1,0,1
R Ashwin,2010-2016,45,45,167,2,1154,52,04-Aug,22.19,6.91,19.2,2,0,1
DJ Bravo,2006-2016,66,56,173.4,0,1470,52,Apr-28,28.26,8.46,20,2,0,1
Sohail Tanvir,2007-2016,54,54,191.2,3,1364,52,03-Dec,26.23,7.12,22,0,0,1
GP Swann,2008-2012,39,38,135,4,859,51,Mar-13,16.84,6.36,15.8,0,0,1
GH Dockrell,2010-2016,39,35,116.4,1,730,48,Apr-20,15.2,6.25,14.5,1,0,1
SR Watson,2006-2016,58,49,155,2,1187,48,Apr-15,24.72,7.65,19.3,1,0,1
Mohammad Nabi,2010-2016,45,45,163,5,1126,47,Apr-17,23.95,6.9,20.8,2,0,1
Mohammad Hafeez,2006-2016,77,57,167.2,1,1120,46,04-Oct,24.34,6.69,21.8,1,0,1
KJ O'Brien,2008-2016,52,39,118.3,0,789,46,03-Aug,17.15,6.65,15.4,0,0,1
TG Southee,2008-2015,38,37,137,2,1182,46,May-18,25.69,8.62,17.8,0,1,1
M Morkel,2007-2015,39,39,138.4,3,1022,45,Apr-17,22.71,7.37,18.4,2,0,1
Abdur Razzak,2006-2014,34,33,121.4,4,838,44,Apr-16,19.04,6.88,16.5,1,0,1
DJG Sammy,2007-2016,66,57,146.4,0,1068,44,May-26,24.27,7.28,20,1,1,1
Ahsan Malik,2012-2016,28,26,86.5,1,637,43,May-19,14.81,7.33,12.1,1,1,1
Mudassar Bukhari,2008-2016,38,35,117.2,4,780,43,04-Jul,18.13,6.64,16.3,3,0,1
Imran Tahir,2013-2016,27,27,102,0,661,43,Apr-21,15.37,6.48,14.2,2,0,1
KD Mills,2005-2014,42,42,149.3,1,1228,43,Mar-26,28.55,8.21,20.8,0,0,1
S Badree,2012-2016,32,32,120,3,671,42,Apr-15,15.97,5.59,17.1,1,0,1
SP Narine,2012-2016,39,37,138.4,1,838,40,04-Dec,20.95,6.04,20.8,1,0,1
Al-Amin Hossain,2013-2016,25,23,79.2,0,592,39,Mar-20,15.17,7.46,12.2,0,0,1
JW Dernbach,2011-2014,34,33,117,1,1020,39,Apr-22,26.15,8.71,18,1,0,1
MG Johnson,2007-2013,30,30,109.2,2,797,38,Mar-15,20.97,7.28,17.2,0,0,1
Mashrafe Mortaza,2006-2016,49,48,171.3,1,1363,38,Apr-19,35.86,7.94,27,1,0,1
WD Parnell,2009-2015,35,34,110.5,3,891,38,Apr-13,23.44,8.03,17.5,1,0,1
DL Vettori,2007-2014,34,34,131.1,1,748,38,Apr-20,19.68,5.7,20.7,1,0,1
J Botha,2006-2012,40,39,129,1,823,37,Mar-16,22.24,6.37,20.9,0,0,1
AD Mathews,2009-2016,66,52,149.1,4,993,36,Mar-16,27.58,6.65,24.8,0,0,1
AR Cusack,2008-2015,37,33,101,3,714,35,04-Nov,20.4,7.06,17.3,3,0,1
Dawlat Zadran,2012-2016,29,29,106,2,806,35,Mar-17,23.02,7.6,18.1,0,0,1
NLTC Perera,2010-2016,54,43,111.2,1,1003,35,Mar-33,28.65,9,19,0,0,1
Mohammad Amir,2009-2016,31,31,115,5,809,34,Mar-18,23.79,7.03,20.2,0,0,1
AG Cremer,2008-2016,27,26,89,1,622,33,03-Nov,18.84,6.98,16.1,0,0,1
Hamid Hassan,2010-2016,22,22,79.4,2,523,32,Apr-22,16.34,6.56,14.9,1,0,1
DT Johnston,2008-2013,30,28,99,5,636,32,Apr-22,19.87,6.42,18.5,1,0,1
JP Faulkner,2012-2016,21,21,74.5,0,605,31,May-27,19.51,8.08,14.4,0,1,1
RA Jadeja,2009-2016,39,39,131.4,3,942,31,Mar-48,30.38,7.15,25.4,0,0,1
A Nehra,2009-2016,23,23,84,1,646,31,Mar-19,20.83,7.69,16.2,0,0,1
MJ McClenaghan,2012-2016,28,28,98.2,2,758,30,Mar-17,25.26,7.7,19.6,0,0,1
MA Starc,2012-2016,22,22,83.3,1,566,30,03-Nov,18.86,6.77,16.7,0,0,1
R Rampaul,2007-2015,23,23,82.5,1,705,29,Mar-16,24.31,8.51,17.1,0,0,1
Sultan Ahmed,2015-2016,13,0,0,0,0,0,0,0,0,0,0,0,1
ZE Surkari,2008-2008,4,0,0,0,0,0,0,0,0,0,0,0,1
ES Szwarczynski,2008-2013,14,0,0,0,0,0,0,0,0,0,0,0,1
Tamim Iqbal,2007-2016,52,0,0,0,0,0,0,0,0,0,0,0,1
LRPL Taylor,2006-2016,73,0,0,0,0,0,0,0,0,0,0,0,1
SP Terry,2016-2016,1,0,0,0,0,0,0,0,0,0,0,0,1
WU Tharanga,2006-2012,10,0,0,0,0,0,0,0,0,0,0,0,1
HDRL Thirimanne,2012-2016,26,0,0,0,0,0,0,0,0,0,0,0,1
DC Thomas,2009-2013,3,0,0,0,0,0,0,0,0,0,0,0,1
GJ Thompson,2016-2016,1,0,0,0,0,0,0,0,0,0,0,0,1
MK Tiwary,2011-2012,3,0,0,0,0,0,0,0,0,0,0,0,1
ME Trescothick,2005-2006,3,0,0,0,0,0,0,0,0,0,0,0,1
IJL Trott,2007-2010,7,0,0,0,0,0,0,0,0,0,0,0,1
L Tucker,2016-2016,1,0,0,0,0,0,0,0,0,0,0,0,1
ML Udawatte,2008-2009,5,0,0,0,0,0,0,0,0,0,0,0,1
Umar Akmal,2009-2016,82,0,0,0,0,0,0,0,0,0,0,0,1
Umar Amin,2013-2014,10,0,0,0,0,0,0,0,0,0,0,0,1
TP Ura,2015-2015,3,0,0,0,0,0,0,0,0,0,0,0,1
Usman Ghani,2015-2016,9,0,0,0,0,0,0,0,0,0,0,0,1
Usman Limbada,2010-2013,7,0,0,0,0,0,0,0,0,0,0,0,1
Usman Mushtaq,2016-2016,3,0,0,0,0,0,0,0,0,0,0,0,1
RV Uthappa,2007-2015,13,0,0,0,0,0,0,0,0,0,0,0,1
VB van Jaarsveld,2009-2009,3,0,0,0,0,0,0,0,0,0,0,0,1
MN van Wyk,2007-2015,8,0,0,0,0,0,0,0,0,0,0,0,1
JNT Vare,2015-2016,5,0,0,0,0,0,0,0,0,0,0,0,1
MP Vaughan,2005-2007,2,0,0,0,0,0,0,0,0,0,0,0,1
S Vesawkar,2014-2015,10,0,0,0,0,0,0,0,0,0,0,0,1
DJ Vilas,2012-2012,1,0,0,0,0,0,0,0,0,0,0,0,1
JM Vince,2015-2016,5,0,0,0,0,0,0,0,0,0,0,0,1
L Vincent,2006-2007,9,0,0,0,0,0,0,0,0,0,0,0,1
TP Visee,2015-2015,2,0,0,0,0,0,0,0,0,0,0,0,1
KDK Vithanage,2014-2016,3,0,0,0,0,0,0,0,0,0,0,0,1
MS Wade,2011-2016,26,0,0,0,0,0,0,0,0,0,0,0,1
CD Wallace,2012-2015,8,0,0,0,0,0,0,0,0,0,0,0,1
CAK Walton,2014-2016,3,0,0,0,0,0,0,0,0,0,0,0,1
Waqas Barkat,2014-2016,10,0,0,0,0,0,0,0,0,0,0,0,1
DA Warner,2009-2016,63,0,0,0,0,0,0,0,0,0,0,0,1
VS Wategaonkar,2016-2016,2,0,0,0,0,0,0,0,0,0,0,0,1
BJ Watling,2009-2014,5,0,0,0,0,0,0,0,0,0,0,0,1
DF Watts,2007-2012,11,0,0,0,0,0,0,0,0,0,0,0,1
GC Wilson,2008-2016,46,0,0,0,0,0,0,0,0,0,0,0,1
Zeeshan Siddiqui,2015-2015,5,0,0,0,0,0,0,0,0,0,0,0,1
B Zuiderent,2009-2010,6,0,0,0,0,0,0,0,0,0,0,0,1
Zulqarnain Haider,2007-2010,3,0,0,0,0,0,0,0,0,0,0,0,1
JJ Bumrah,2016-2016,21,21,79.3,4,527,28,03-Nov,18.82,6.62,17,0,0,1
RM Haq,2007-2013,21,20,75,1,472,28,Mar-20,16.85,6.29,16,0,0,1
B Lee,2005-2012,25,25,90.5,0,714,28,Mar-23,25.5,7.86,19.4,0,0,1
DP Nannes,2009-2010,17,16,61,2,459,28,Apr-18,16.39,7.52,13,1,0,1
IK Pathan,2006-2012,24,23,77,1,618,28,Mar-16,22.07,8.02,16.5,0,0,1
SW Tait,2007-2016,21,21,79.4,2,589,28,Mar-13,21.03,7.39,17,0,0,1
Yuvraj Singh,2007-2016,55,31,70.4,0,499,28,Mar-17,17.82,7.06,15.1,0,0,1
HS Baidwan,2008-2013,17,17,53.5,1,411,27,Apr-19,15.22,7.63,11.9,1,0,1
ST Finn,2011-2015,21,21,80,0,583,27,Mar-16,21.59,7.28,17.7,0,0,1
Samiullah Shenwari,2010-2016,43,35,101.4,0,643,27,May-13,23.81,6.32,22.5,1,1,1
KJ Abbott,2013-2016,21,21,72.4,0,579,26,Mar-20,22.26,7.96,16.7,0,0,1
Aizaz Khan,2014-2016,20,20,68,2,470,26,03-Oct,18.07,6.91,15.6,0,0,1
JA Morkel,2005-2015,50,46,107.5,2,864,26,03-Dec,33.23,8.01,24.8,0,0,1
PM Seelaar,2008-2016,36,29,83,2,539,26,Apr-19,20.73,6.49,19.1,1,0,1
Shapoor Zadran,2010-2016,27,27,83,3,581,26,02-Sep,22.34,7,19.1,0,0,1
MC Sorensen,2012-2016,26,22,65,2,471,26,Mar-17,18.11,7.24,15,0,0,1
P Utseya,2006-2015,35,35,124.5,2,858,26,Mar-25,33,6.87,28.8,0,0,1
RE van der Merwe,2009-2016,21,20,68,0,466,26,02-Mar,17.92,6.85,15.6,0,0,1
SE Bond,2005-2010,20,20,77.3,2,543,25,Mar-18,21.72,7,18.6,0,0,1
Harbhajan Singh,2006-2016,28,27,102,5,633,25,04-Dec,25.32,6.2,24.4,1,0,1
SMSM Senanayake,2012-2016,24,23,81,0,549,25,Apr-46,21.96,6.77,19.4,1,0,1
Shoaib Malik,2006-2016,82,41,82,0,565,25,02-Jul,22.6,6.89,19.6,0,0,1
TT Bresnan,2006-2014,34,34,110.3,1,887,24,03-Oct,36.95,8.02,27.6,0,0,1
Haseeb Amjad,2014-2016,18,18,61.2,3,453,24,Apr-16,18.87,7.38,15.3,1,0,1
RJ Peterson,2006-2014,21,19,59.5,1,451,24,Mar-28,18.79,7.53,14.9,0,0,1
WB Rankin,2009-2016,22,21,76,1,464,24,Mar-17,19.33,6.1,19,0,0,1
JE Taylor,2006-2016,23,23,75,2,614,24,03-Jun,25.58,8.18,18.7,0,0,1
Wahab Riaz,2008-2016,23,23,76.3,2,615,24,Mar-18,25.62,8.03,19.1,0,0,1
D Wiese,2013-2016,20,20,65.2,0,497,24,May-23,20.7,7.6,16.3,0,1,1
IG Butler,2009-2013,19,18,59.4,1,481,23,Mar-19,20.91,8.06,15.5,0,0,1
KA Pollard,2008-2016,50,34,78,0,642,23,Mar-30,27.91,8.23,20.3,0,0,1
RJ Sidebottom,2007-2010,18,18,61.1,0,437,23,Mar-16,19,7.14,15.9,0,0,1
T van der Gugten,2012-2016,22,21,65.5,0,446,23,Mar-18,19.39,6.77,17.1,0,0,1
Mustafizur Rahman,2015-2016,13,13,51.2,0,307,22,May-22,13.95,5.98,14,0,1,1
Nadeem Ahmed,2014-2016,21,21,70.3,3,455,22,Apr-21,20.68,6.45,19.2,1,0,1
SO Ngoche,2010-2013,19,19,59.3,0,416,22,Apr-14,18.9,6.99,16.2,2,0,1
K Rabada,2014-2016,16,16,60.2,0,498,22,Mar-30,22.63,8.25,16.4,0,0,1
SM Sharif,2012-2016,20,19,62.2,0,485,22,Apr-24,22.04,7.78,17,1,0,1
AC Botha,2008-2010,14,10,34,0,184,21,Mar-14,8.76,5.41,9.7,0,0,1
NM Coulter-Nile,2013-2016,17,17,65,0,532,21,Apr-31,25.33,8.18,18.5,1,0,1
PJ Cummins,2011-2015,15,15,59,3,395,21,Mar-15,18.8,6.69,16.8,0,0,1
Imad Wasim,2015-2016,15,15,52,1,300,21,May-14,14.28,5.76,14.8,1,1,1
CJ Jordan,2014-2016,19,19,65,0,561,21,Apr-28,26.71,8.63,18.5,1,0,1
Mahmudullah,2007-2016,53,36,87.1,2,617,21,02-May,29.38,7.07,24.9,0,0,1
AF Milne,2010-2016,18,18,62.1,1,458,21,Apr-37,21.8,7.36,17.7,1,0,1
Mohammad Sami,2010-2016,13,13,46,0,387,21,Mar-16,18.42,8.41,13.1,0,0,1
AD Russell,2011-2016,43,36,85.1,0,787,21,02-Oct,37.47,9.24,24.3,0,0,1
Abdul Razzaq,2006-2013,32,22,56.3,2,395,20,Mar-13,19.75,6.99,16.9,0,0,1
Amjad Javed,2014-2016,15,15,48.2,0,375,20,Mar-25,18.75,7.75,14.5,0,0,1
JEC Franklin,2006-2013,38,26,54.3,0,417,20,Apr-15,20.85,7.65,16.3,1,0,1
T Panyangara,2013-2016,14,14,50.3,1,398,20,Apr-37,19.9,7.88,15.1,1,0,1
Amir Hamza,2013-2016,19,19,63,2,442,19,Mar-39,23.26,7.01,19.8,0,0,1
NW Bracken,2006-2009,19,19,62.5,2,438,19,03-Nov,23.05,6.97,19.8,0,0,1
DJ Hussey,2008-2012,39,25,60.1,1,392,19,Mar-25,20.63,6.51,19,0,0,1
ST Jayasuriya,2006-2011,31,24,61.5,0,456,19,Mar-21,24,7.37,19.5,0,0,1
Mohammad Naveed,2015-2016,14,14,52.4,3,304,19,Mar-14,16,5.77,16.6,0,0,1
JDP Oram,2005-2012,36,32,91,0,793,19,Mar-33,41.73,8.71,28.7,0,0,1
Rashid Khan,2015-2016,14,14,55,0,376,19,03-Nov,19.78,6.83,17.3,0,0,1
MN Samuels,2007-2016,51,26,72.2,0,561,19,Mar-23,29.52,7.75,22.8,0,0,1
Shoaib Akhtar,2006-2010,15,15,53,3,432,19,Mar-38,22.73,8.15,16.7,0,0,1
Tanwir Afzal,2014-2016,21,21,71,2,509,19,02-Aug,26.78,7.16,22.4,0,0,1
JM Anderson,2007-2009,19,19,70.2,1,552,18,Mar-23,30.66,7.84,23.4,0,0,1
SJ Benn,2008-2016,24,24,84,3,606,18,04-Jun,33.66,7.21,28,1,0,1
PW Borren,2008-2016,40,30,87.4,0,603,18,Feb-19,33.5,6.87,29.2,0,0,1
CRD Fernando,2006-2016,18,18,63,3,464,18,Mar-19,25.77,7.36,21,0,0,1
HMRKB Herath,2011-2016,17,17,60.5,3,373,18,05-Mar,20.72,6.13,20.2,0,1,1
K Santokie,2011-2014,12,12,40.5,0,278,18,Apr-21,15.44,6.8,13.6,1,0,1
SB Styris,2005-2010,31,21,51.3,0,349,18,03-May,19.38,6.77,17.1,0,0,1
LL Tsotsobe,2009-2014,23,23,78,2,541,18,Mar-16,30.05,6.93,26,0,0,1
HA Varaiya,2007-2013,25,24,77.2,2,461,18,02-Oct,25.61,5.96,25.7,0,0,1
DJ Willey,2015-2016,12,12,39.2,0,325,18,Mar-20,18.05,8.26,13.1,0,0,1
LJ Wright,2007-2014,51,23,55,0,465,18,Feb-24,25.83,8.45,18.3,0,0,1
DAJ Bracewell,2011-2015,14,14,43.4,0,408,17,Mar-25,24,9.34,15.4,0,0,1
AB Dinda,2009-2012,9,9,30,1,245,17,Apr-19,14.41,8.16,10.5,1,0,1
JP Duminy,2007-2016,70,35,65.1,0,506,17,Mar-18,29.76,7.76,23,0,0,1
CH Gayle,2006-2016,50,23,53.1,0,377,17,Feb-15,22.17,7.09,18.7,0,0,1
Z Khan,2006-2012,17,17,58.4,0,448,17,Apr-19,26.35,7.63,20.7,1,0,1
CK Langeveldt,2005-2010,9,9,33,0,241,17,Apr-19,14.17,7.3,11.6,1,0,1
R McLaren,2009-2014,12,12,43.5,0,332,17,May-19,19.52,7.57,15.4,0,1,1
GJ Maxwell,2012-2016,36,32,77,0,575,17,Mar-13,33.82,7.46,27.1,0,0,1
MJ Santner,2015-2016,10,10,34.1,0,216,17,04-Nov,12.7,6.32,12,1,0,1
SPD Smith,2010-2016,30,17,48.3,1,377,17,Mar-20,22.17,7.77,17.1,0,0,1
SC Williams,2006-2016,24,23,74,0,532,17,Mar-15,31.29,7.18,26.1,0,0,1
RS Bopara,2008-2014,38,21,53.4,1,387,16,04-Oct,24.18,7.21,20.1,1,0,1
E Chigumbura,2006-2016,47,21,46,0,427,16,Apr-31,26.68,9.28,17.2,1,0,1
PD Collingwood,2005-2011,35,19,37,0,329,16,Apr-22,20.56,8.89,13.8,1,0,1
GD Drummond,2008-2013,17,17,55,1,381,16,Mar-20,23.81,6.92,20.6,0,0,1
FH Edwards,2007-2012,20,20,60,0,497,16,Mar-23,31.06,8.28,22.5,0,0,1
B Kumar,2012-2016,16,16,57,2,381,16,03-Sep,23.81,6.68,21.3,0,0,1
CH Morris,2012-2016,11,11,40,0,353,16,Apr-27,22.06,8.82,15,1,0,1
CB Mpofu,2008-2015,20,20,71,0,616,16,Mar-16,38.5,8.67,26.6,0,0,1
NN Odhiambo,2007-2013,24,21,56.1,1,468,16,May-20,29.25,8.33,21,0,1,1
JS Patel,2005-2008,11,10,33.1,1,269,16,Mar-20,16.81,8.11,12.4,0,0,1
AM Phangiso,2012-2016,11,11,42,0,321,16,Mar-25,20.06,7.64,15.7,0,0,1
IS Sodhi,2014-2016,10,10,36.4,0,246,16,Mar-18,15.37,6.7,13.7,0,0,1
Yasir Arafat,2007-2012,13,13,39.2,0,316,16,Mar-18,19.75,8.03,14.7,0,0,1
RG Aga,2008-2013,20,19,48,1,306,15,Mar-24,20.4,6.37,19.2,0,0,1
TA Boult,2013-2016,11,11,41,1,326,15,Mar-20,21.73,7.95,16.4,0,0,1
Mohammad Irfan,2012-2016,20,20,69.3,0,504,15,Feb-18,33.6,7.25,27.8,0,0,1
HH Pandya,2016-2016,16,16,44.3,1,360,15,03-Aug,24,8.08,17.8,0,0,1
SM Pollock,2005-2008,12,11,40.3,1,309,15,Mar-28,20.6,7.62,16.2,0,0,1
AU Rashid,2009-2016,20,19,64,1,500,15,Feb-18,33.33,7.81,25.6,0,0,1
B Regmi,2014-2015,11,11,38.1,0,227,15,Apr-16,15.13,5.94,15.2,1,0,1
RP Singh,2007-2009,10,9,33,0,225,15,Apr-13,15,6.81,13.2,1,0,1
MRJ Watt,2015-2016,14,12,43,1,331,15,May-27,22.06,7.69,17.2,0,1,1
CJ Anderson,2012-2016,25,21,60,0,495,14,Feb-17,35.35,8.25,25.7,0,0,1
RD Berrington,2008-2016,36,20,42.2,0,305,14,Mar-22,21.78,7.2,18.1,0,0,1
Bilal Khan,2015-2016,12,11,41.1,0,283,14,Apr-20,20.21,6.87,17.6,1,0,1
GD Elliott,2009-2016,16,14,30,0,218,14,Apr-22,15.57,7.26,12.8,1,0,1
AC Evans,2015-2016,11,9,35,2,225,14,May-24,16.07,6.42,15,0,1,1
Karim Sadiq,2010-2016,34,28,70,0,482,14,Mar-17,34.42,6.88,30,0,0,1
Mirwais Ashraf,2010-2016,25,22,65.2,1,444,14,02-Jun,31.71,6.79,28,0,0,1
A Mishra,2010-2016,8,8,30,1,192,14,Mar-24,13.71,6.4,12.8,0,0,1
MR Swart,2012-2016,26,20,53,1,351,14,02-Aug,25.07,6.62,22.7,0,0,1
PA van Meekeren,2013-2016,15,14,42,2,240,14,04-Nov,17.14,5.71,18,1,0,1
CJ Chibhabha,2006-2016,30,19,47.5,0,396,13,Mar-18,30.46,8.27,22,0,0,1
SR Clark,2006-2007,9,9,36,0,237,13,Apr-20,18.23,6.58,16.6,1,0,1
JK Kamande,2007-2010,12,10,34.2,1,212,13,Mar-28,16.3,6.17,15.8,0,0,1
Mohammad Asif,2006-2010,11,11,42.5,1,343,13,Apr-18,26.38,8,19.7,1,0,1
M Muralitharan,2006-2010,12,12,47,0,297,13,Mar-29,22.84,6.31,21.6,0,0,1
TJ Murtagh,2012-2016,14,14,44.4,0,324,13,Mar-23,24.92,7.25,20.6,0,0,1
YK Pathan,2007-2012,22,17,50.5,0,438,13,Feb-22,33.69,8.61,23.4,0,0,1
RW Price,2008-2012,16,16,61.3,4,378,13,02-Jun,29.07,6.14,28.3,0,0,1
Rohan Mustafa,2014-2016,16,15,45.4,2,310,13,03-Sep,23.84,6.78,21,0,0,1
PR Stirling,2009-2016,37,21,58,1,395,13,Mar-21,30.38,6.81,26.7,0,0,1
Arafat Sunny,2014-2016,10,10,31,0,230,12,Feb-17,19.16,7.41,15.5,0,0,1
JH Kallis,2005-2012,25,19,46,1,333,12,Apr-15,27.75,7.23,23,1,0,1
AD Mascarenhas,2007-2009,14,14,42,0,309,12,Mar-18,25.75,7.35,21,0,0,1
JD Nel,2007-2010,10,9,31,3,169,12,03-Oct,14.08,5.45,15.5,0,0,1
SK Raina,2006-2016,62,21,45.1,0,326,12,02-Jun,27.16,7.21,22.5,0,0,1
MJG Rippon,2013-2016,14,14,38.4,2,242,12,03-Aug,20.16,6.25,19.3,0,0,1
Sompal Kami,2014-2015,11,11,38,1,268,12,Feb-13,22.33,7.05,19,0,0,2
RN ten Doeschate,2008-2010,9,9,34,0,241,12,Mar-23,20.08,7.08,17,0,0,2
J Theron,2010-2012,9,9,32.2,0,261,12,Apr-27,21.75,8.07,16.1,1,0,2
SO Tikolo,2007-2013,15,10,28.2,0,168,12,04-Feb,14,5.92,14.1,1,0,2
Zulfiqar Babar,2013-2014,7,7,26,1,185,12,Mar-23,15.41,7.11,13,0,0,2
Abdur Rehman,2007-2013,8,8,26,0,192,11,02-Jul,17.45,7.38,14.1,0,0,2
MM Ali,2014-2016,19,16,40,0,329,11,Feb-22,29.9,8.22,21.8,0,0,2
TL Chatara,2010-2016,11,11,40,1,308,11,Feb-21,28,7.7,21.8,0,0,2
DT Christian,2010-2014,15,15,35,0,310,11,Mar-27,28.18,8.85,19,0,0,2
Irfan Ahmed,2014-2015,8,8,27,0,190,11,03-Nov,17.27,7.03,14.7,0,0,2
MA Leask,2013-2016,13,8,27,0,196,11,Mar-20,17.81,7.25,14.7,0,0,2
AR McBrine,2014-2016,12,10,25,0,185,11,02-Jul,16.81,7.4,13.6,0,0,2
NO Miller,2009-2014,9,9,31.4,0,224,11,Feb-20,20.36,7.07,17.2,0,0,2
JDS Neesham,2012-2015,13,12,31.4,0,242,11,Mar-16,22,7.64,17.2,0,0,2
CO Obuya,2007-2013,26,10,30.3,0,202,11,Mar-17,18.36,6.62,16.6,0,0,2
TM Odoyo,2007-2013,11,10,36,0,170,11,Mar-17,15.45,4.72,19.6,0,0,2
LE Plunkett,2006-2016,9,9,33.5,1,244,11,Mar-21,22.18,7.21,18.4,0,0,2
MH Yardy,2006-2011,14,13,46,0,299,11,Feb-19,27.18,6.5,25,0,0,2
Anwar Ali,2008-2016,16,15,44.1,0,367,10,Feb-27,36.7,8.3,26.5,0,0,3
L Balaji,2012-2012,5,5,16,0,121,10,Mar-19,12.1,7.56,9.6,0,0,3
PVD Chameera,2015-2016,13,13,45.1,0,359,10,Mar-30,35.9,7.94,27.1,0,0,3
TS Chisoro,2015-2016,7,7,28,1,173,10,Mar-17,17.3,6.17,16.8,0,0,3
PC Connell,2008-2010,9,8,25.3,1,156,10,03-Aug,15.6,6.11,15.3,0,0,3
XJ Doherty,2012-2013,11,11,38,0,300,10,Mar-20,30,7.89,22.8,0,0,3
MR Gillespie,2006-2008,11,10,35,3,255,10,04-Jul,25.5,7.28,21,1,0,3
RM Hira,2012-2013,15,13,42.2,1,337,10,Feb-42,33.7,7.96,25.4,0,0,3
JR Hopes,2005-2010,12,12,37,0,283,10,Feb-26,28.3,7.64,22.2,0,0,3
KM Jarvis,2011-2013,9,9,32.1,0,270,10,Mar-15,27,8.39,19.3,0,0,3
JF Mooney,2009-2015,27,10,26,1,176,10,02-Jul,17.6,6.76,15.6,0,0,3
PP Ojha,2009-2010,6,6,21,0,132,10,Apr-21,13.2,6.28,12.6,1,0,3
H Osinde,2008-2013,11,11,35,0,250,10,Mar-36,25,7.14,21,0,0,3
Raza Hasan,2012-2014,10,10,38,1,219,10,Feb-14,21.9,5.76,22.8,0,0,3
KAJ Roach,2008-2012,11,11,39,1,284,10,Feb-25,28.4,7.28,23.4,0,0,3
DT Tiripano,2016-2016,8,8,28.4,0,218,10,Mar-20,21.8,7.6,17.2,0,0,3
R Vinay Kumar,2010-2013,9,9,31.3,0,247,10,Mar-24,24.7,7.84,18.9,0,0,3
DE Bollinger,2011-2014,9,9,35,0,249,9,Jan-22,27.66,7.11,23.3,0,0,3
TM Dilshan,2006-2016,80,25,43,0,313,9,02-Apr,34.77,7.27,28.6,0,0,3
Elias Sunny,2012-2012,7,7,23,1,146,9,May-13,16.22,6.34,15.3,0,1,3
BW Hilfenhaus,2007-2012,7,7,26,0,161,9,Feb-15,17.88,6.19,17.3,0,0,3
RK Kleinveldt,2008-2013,6,6,20.2,1,173,9,Mar-18,19.22,8.5,13.5,0,0,3
Mehran Khan,2015-2016,11,8,27,0,186,9,Mar-18,20.66,6.88,18,0,0,3
Rizwan Cheema,2008-2013,16,15,50,1,382,9,Feb-19,42.44,7.64,33.3,0,0,3
Sikandar Raza,2013-2016,26,18,35,0,282,9,02-Jul,31.33,8.05,23.3,0,0,3
Taskin Ahmed,2014-2016,13,11,38,1,238,9,Feb-32,26.44,6.26,25.3,0,0,3
I Wardlaw,2013-2013,4,4,16,1,145,9,Mar-40,16.11,9.06,10.6,0,0,3
A Zampa,2016-2016,8,8,27,0,161,9,Mar-16,17.88,5.96,18,0,0,3
Aizaz Cheema,2011-2012,5,5,17,0,116,8,Apr-30,14.5,6.82,12.7,1,0,3
M Ansari,2015-2016,11,10,37.5,0,334,8,Mar-37,41.75,8.82,28.3,0,0,3
U Bhatti,2008-2010,7,7,23,0,148,8,Mar-23,18.5,6.43,17.2,0,0,3
CJ Boyce,2014-2016,7,7,23,0,152,8,02-Oct,19,6.6,17.2,0,0,3
SS Cottrell,2014-2015,6,6,20.1,1,183,8,Mar-28,22.87,9.07,15.1,0,0,3
Fawad Alam,2007-2010,24,6,15,0,95,8,03-Jul,11.87,6.33,11.2,0,0,3
SP Gauchan,2014-2015,9,8,30,0,169,8,03-Sep,21.12,5.63,22.5,0,0,3
JR Hazlewood,2013-2016,7,7,28,0,269,8,Apr-30,33.62,9.6,21,1,0,3
Junaid Khan,2011-2014,9,9,27,0,236,8,Mar-24,29.5,8.74,20.2,0,0,3
Junaid Siddiqui,2012-2013,8,8,29,1,180,8,03-Oct,22.5,6.2,21.7,0,0,3
P Kumar,2008-2012,10,10,26,1,193,8,Feb-14,24.12,7.42,19.5,0,0,3
WK McCallan,2008-2009,9,7,21.5,0,152,8,Feb-26,19,6.96,16.3,0,0,3
N Madziva,2015-2016,9,9,31.1,0,279,8,Apr-34,34.87,8.95,23.3,1,0,3
WP Masakadza,2015-2016,7,7,25,1,197,8,Apr-28,24.62,7.88,18.7,1,0,3
Mohammad Ashraful,2007-2013,23,8,23,0,210,8,Mar-42,26.25,9.13,17.2,0,0,3
Mohammad Shahzad,2015-2016,15,15,34.2,0,271,8,02-Oct,33.87,7.89,25.7,0,0,3
Mohammed Shami,2014-2016,6,6,20.4,0,204,8,Mar-38,25.5,9.87,15.5,0,0,3
Shafiul Islam,2010-2013,11,11,36.4,0,275,8,Feb-19,34.37,7.5,27.5,0,0,3
I Sharma,2008-2013,14,14,46.2,0,400,8,Feb-34,50,8.63,34.7,0,0,3
TAM Siriwardana,2015-2016,17,12,22,0,194,8,Feb-17,24.25,8.81,16.5,0,0,3
BA Stokes,2011-2016,18,14,42.4,1,395,8,Mar-26,49.37,9.25,32,0,0,3
A Symonds,2005-2009,14,12,30.5,0,277,8,Feb-14,34.62,8.98,23.1,0,0,3
JJ van der Wath,2006-2007,8,8,31,0,231,8,Feb-31,28.87,7.45,23.2,0,0,3
N Vanua,2015-2016,6,6,20.2,0,124,8,Mar-26,15.5,6.09,15.2,0,0,3
CA Young,2015-2016,11,10,31,1,240,8,Feb-15,30,7.74,23.2,0,0,3
Zeeshan Maqsood,2015-2016,12,7,22,0,199,8,Mar-22,24.87,9.04,16.5,0,0,3
Aftab Alam,2012-2015,6,6,19.5,0,166,7,Feb-23,23.71,8.36,17,0,0,3
Ahmed Raza,2014-2016,13,12,40.2,0,265,7,Feb-19,37.85,6.57,34.5,0,0,3
A Dananjaya,2012-2013,5,5,14,0,95,7,02-Sep,13.57,6.78,12,0,0,3
JH Davey,2012-2016,11,10,37.4,0,293,7,Mar-23,41.85,7.77,32.2,0,0,3
M de Lange,2012-2015,6,6,23.2,0,228,7,Feb-26,32.57,9.77,20,0,0,3
G Goudie,2010-2013,9,9,24.5,0,224,7,Mar-22,32,9.02,21.2,0,0,3
Gulbadin Naib,2012-2016,29,17,35,0,332,7,Feb-24,47.42,9.48,30,0,0,3
AS Hansra,2012-2013,8,6,15,0,94,7,Feb-13,13.42,6.26,12.8,0,0,3
JW Hastings,2010-2016,9,9,31,0,247,7,Mar-14,35.28,7.96,26.5,0,0,3
GB Hogg,2006-2014,15,15,49,1,373,7,Feb-31,53.28,7.61,42,0,0,3
LM Jongwe,2015-2016,8,7,21.2,0,211,7,Feb-24,30.14,9.89,18.2,0,0,3
S Randiv,2010-2011,7,7,21,0,139,7,Mar-20,19.85,6.61,18,0,0,3
TE Kane,2015-2015,5,3,9.2,0,75,7,Mar-19,10.71,8.03,8,0,0,3
AV Lalcheta,2015-2016,11,10,38.3,3,274,7,Jan-13,39.14,7.11,33,0,0,3
MF Maharoof,2006-2016,8,8,27,0,199,7,Feb-18,28.42,7.37,23.1,0,0,3
CS Martin,2007-2008,6,6,23,1,193,7,Feb-14,27.57,8.39,19.7,0,0,3
Nasir Hossain,2011-2016,31,11,29.5,0,262,7,Feb-26,37.42,8.78,25.5,0,0,3
AR Patel,2015-2016,7,7,27,0,161,7,Mar-17,23,5.96,23.1,0,0,3
SR Patel,2011-2013,18,15,42,0,321,7,02-Jun,45.85,7.64,36,0,0,3
Rubel Hossain,2009-2014,11,10,33.2,0,313,7,Feb-63,44.71,9.39,28.5,0,0,3
Sayed Shirzad,2015-2016,3,3,11,1,74,7,Mar-16,10.57,6.72,9.4,0,0,3
DR Smith,2006-2015,33,11,23.4,0,212,7,Mar-24,30.28,8.95,20.2,0,0,3
S Sreesanth,2006-2008,10,9,34,2,288,7,02-Dec,41.14,8.47,29.1,0,0,3
T Thushara,2008-2010,6,6,22,0,179,7,Feb-37,25.57,8.13,18.8,0,0,3
JC Tredwell,2012-2014,17,15,52.5,0,416,7,Jan-16,59.42,7.87,45.2,0,0,3
CR Woakes,2011-2015,8,8,27,0,253,7,Feb-40,36.14,9.37,23.1,0,0,3
WD Balaji Rao,2008-2008,4,4,14,0,107,6,Mar-21,17.83,7.64,14,0,0,3
TL Best,2013-2014,6,6,20,0,154,6,Mar-18,25.66,7.7,20,0,0,3
D Bishoo,2011-2015,5,5,16.4,0,109,6,Apr-17,18.16,6.54,16.6,1,0,3
JAR Blain,2007-2008,6,5,20,0,108,6,Feb-23,18,5.4,20,0,0,3
CR Brathwaite,2011-2016,13,12,35.3,0,330,6,Mar-23,55,9.29,35.5,0,0,3
NM Carter,2013-2013,7,7,26,1,168,6,Feb-27,28,6.46,26,0,0,3
MJ Clarke,2005-2010,34,15,26,0,225,6,01-Feb,37.5,8.65,26,0,0,3
S Dhaniram,2008-2010,11,11,33.4,1,192,6,02-Sep,32,5.7,33.6,0,0,3
Farhad Reza,2006-2014,13,11,26,0,261,6,Feb-34,43.5,10.03,26,0,0,3
Hasan Ali,2016-2016,3,3,11,0,105,6,Mar-49,17.5,9.54,11,0,0,3
MJ Henry,2014-2016,5,5,18,1,147,6,Mar-44,24.5,8.16,18,0,0,3
Izatullah Dawlatzai,2012-2012,4,4,12,0,134,6,Mar-33,22.33,11.16,12,0,0,3
RAS Lakmal,2011-2016,8,8,27.4,0,255,6,Feb-26,42.5,9.21,27.6,0,0,3
BMAJ Mendis,2011-2013,16,8,18,0,116,6,Mar-24,19.33,6.44,18,0,0,3
JM Muirhead,2014-2014,5,5,15,0,109,6,Feb-13,18.16,7.26,15,0,0,3
T Muzarabani,2015-2016,9,9,30,0,280,6,Feb-31,46.66,9.33,30,0,0,3
M Ntini,2005-2011,10,10,32,0,298,6,Feb-22,49.66,9.31,32,0,0,3
IE O'Brien,2009-2009,4,4,13,0,116,6,Feb-30,19.33,8.92,13,0,0,3
SNJ O'Keefe,2010-2011,7,7,19,0,149,6,Mar-29,24.83,7.84,19,0,0,3
E Otieno,2012-2013,10,10,28.2,1,178,6,Mar-16,29.66,6.28,28.3,0,0,3
Qadeer Ahmed,2015-2016,8,8,24,1,185,6,Feb-25,30.83,7.7,24,0,0,3
Rokhan Barakzai,2015-2015,3,3,10,0,75,6,Feb-21,12.5,7.5,10,0,0,3
JE Root,2012-2016,21,8,12,0,128,6,02-Sep,21.33,10.66,12,0,0,3
Sabbir Rahman,2014-2016,26,8,11.1,0,70,6,03-Nov,11.66,6.26,11.1,0,0,3
Sagar Pun,2014-2015,9,8,23.3,0,131,6,Mar-26,21.83,5.57,23.5,0,0,3
E Schiferli,2008-2010,7,6,23,0,146,6,Mar-23,24.33,6.34,23,0,0,3
MM Sharma,2014-2015,8,8,23,0,185,6,Feb-28,30.83,8.04,23,0,0,3
LMP Simmons,2007-2016,38,3,6,0,55,6,Apr-19,9.16,9.16,6,1,0,3
BB Sran,2016-2016,2,2,8,1,41,6,04-Oct,6.83,5.12,8,1,0,3
WPUJC Vaas,2006-2007,6,6,22,1,128,6,Feb-14,21.33,5.81,22,0,0,3
A Vala,2015-2016,6,4,9.4,0,53,6,02-Jul,8.83,5.48,9.6,0,0,3
Aamir Kaleem,2015-2016,11,7,18,0,157,5,Apr-36,31.4,8.72,21.6,1,0,3
CJA Amini,2015-2016,6,5,9.1,0,63,5,Feb-13,12.6,6.87,11,0,0,3
Bilawal Bhatti,2013-2015,9,9,26,0,255,5,Feb-36,51,9.8,31.2,0,0,3
DR Briggs,2012-2014,7,6,18,0,199,5,Feb-25,39.8,11.05,21.6,0,0,3
KJ Coetzer,2008-2016,35,5,11,0,71,5,Mar-25,14.2,6.45,13.2,0,0,3
A Flintoff,2005-2007,7,7,25,0,161,5,Feb-23,32.2,6.44,30,0,0,3
AM Guruge,2014-2015,5,5,16,0,125,5,Feb-18,25,7.81,19.2,0,0,3
BE Hendricks,2014-2014,5,5,16.4,0,149,5,Feb-31,29.8,8.94,20,0,0,3
JO Holder,2014-2015,4,4,13,0,121,5,Feb-34,24.2,9.3,15.6,0,0,3
MS Kasprowicz,2005-2005,2,2,7,0,57,5,Apr-29,11.4,8.14,8.4,1,0,3
GD McGrath,2005-2005,2,2,8,0,79,5,Mar-31,15.8,9.87,9.6,0,0,3
MW Machan,2013-2016,13,7,22.3,0,156,5,Mar-23,31.2,6.93,27,0,0,3
Naved-ul-Hasan,2006-2010,4,4,14.1,0,101,5,Mar-19,20.2,7.12,17,0,0,3
RJ Nicol,2010-2013,21,13,20.3,0,167,5,Feb-20,33.4,8.14,24.6,0,0,3
GH O'Brien,2008-2008,3,3,11,0,41,5,02-Nov,8.2,3.72,13.2,0,0,3
NM Odhiambo,2010-2013,8,7,18,0,127,5,Feb-33,25.4,7.05,21.6,0,0,3
PJ Ongondo,2007-2008,8,8,26,1,177,5,Feb-18,35.4,6.8,31.2,0,0,3
RML Taylor,2013-2016,9,9,25,1,196,5,Mar-17,39.2,7.84,30,0,0,3
RJW Topley,2015-2016,6,6,17.1,0,173,5,Mar-24,34.6,10.07,20.6,0,0,3
I Udana,2009-2016,7,7,25,1,216,5,Feb-17,43.2,8.64,30,0,0,3
LV van Beek,2014-2016,8,7,17,0,160,5,03-Sep,32,9.41,20.4,0,0,3
Yamin Ahmadzai,2015-2015,2,2,7.1,0,65,5,Mar-34,13,9.06,8.6,0,0,3
DI Allan,2012-2013,10,7,9.2,0,82,4,02-Aug,20.5,8.78,14,0,0,3
NJ Astle,2005-2006,4,2,6.5,0,50,4,Mar-20,12.5,7.31,10.2,0,0,3
HMCM Bandara,2006-2009,4,4,14,0,96,4,Mar-32,24,6.85,21,0,0,3
MD Bates,2012-2012,3,3,11,0,107,4,Mar-31,26.75,9.72,16.5,0,0,3
GB Brent,2006-2007,3,3,11,0,93,4,Feb-19,23.25,8.45,16.5,0,0,4
PP Chawla,2010-2012,7,7,23,1,151,4,Feb-13,37.75,6.56,34.5,0,0,4
MD Dai,2015-2016,6,6,15,0,103,4,Feb-13,25.75,6.86,22.5,0,0,4
JM Davison,2008-2010,5,5,18,0,91,4,Feb-19,22.75,5.05,27,0,0,4
RJ Harris,2010-2010,3,3,11.4,1,95,4,Feb-27,23.75,8.14,17.5,0,0,4
MC Henriques,2009-2016,6,5,12,0,110,4,Feb-35,27.5,9.16,18,0,0,4
Joginder Sharma,2007-2007,4,4,14.3,0,138,4,Feb-20,34.5,9.51,21.7,0,0,4
MBS Jonkman,2010-2010,3,3,8,0,47,4,Feb-21,11.75,5.87,12,0,0,4
Karan KC,2015-2015,5,5,15,0,138,4,Feb-24,34.5,9.2,22.5,0,0,4
Khawar Ali,2015-2016,10,8,22,0,159,4,Feb-19,39.75,7.22,33,0,0,4
V Kohli,2010-2016,45,12,24.2,0,198,4,Jan-13,49.5,8.13,36.5,0,0,4
GA Lamb,2010-2010,5,5,12.1,0,80,4,Feb-14,20,6.57,18.2,0,0,4
E Leie,2015-2015,2,2,6,0,48,4,Mar-16,12,8,9,0,0,4
J Lewis,2005-2007,2,2,7,0,55,4,Apr-24,13.75,7.85,10.5,1,0,4
ML Lewis,2006-2006,2,2,7.3,0,49,4,Feb-18,12.25,6.53,11.2,0,0,4
CJ McKay,2010-2013,6,6,22.4,1,183,4,Feb-24,45.75,8.07,34,0,0,4
MR Marsh,2011-2016,9,7,17,0,145,4,Jan-17,36.25,8.52,25.5,0,0,4
SW Masakadza,2010-2013,7,7,19.3,0,211,4,Feb-39,52.75,10.82,29.2,0,0,4
GE Mathurin,2011-2012,3,3,10,0,65,4,03-Sep,16.25,6.5,15,0,0,4
Mohammad Kashif,2010-2010,3,3,7,0,55,4,Feb-28,13.75,7.85,10.5,0,0,4
PL Mommsen,2012-2016,24,7,23,0,164,4,Jan-23,41,7.13,34.5,0,0,4
JK Mukhiya,2014-2015,4,4,10,0,56,4,Mar-18,14,5.6,15,0,0,4
N M'shangwe,2013-2014,5,5,16,0,142,4,Feb-33,35.5,8.87,24,0,0,4
Nawroz Mangal,2010-2015,30,6,10,0,80,4,Mar-23,20,8,15,0,0,4
JO Ngoche,2012-2013,7,7,24,0,140,4,Feb-31,35,5.83,36,0,0,4
Nizakat Khan,2014-2016,20,4,13,0,69,4,Mar-19,17.25,5.3,19.5,0,0,4
AA Noffke,2007-2008,2,2,7.3,1,41,4,Mar-18,10.25,5.46,11.2,0,0,4
LN Onyango,2007-2010,5,5,13,0,128,4,Feb-17,32,9.84,19.5,0,0,4
MM Patel,2011-2011,3,3,10,0,86,4,Feb-25,21.5,8.6,15,0,0,4
VD Philander,2007-2007,7,6,13.5,0,114,4,Feb-23,28.5,8.24,20.7,0,0,4
S Prasanna,2013-2016,8,8,20,1,148,4,Feb-45,37,7.4,30,0,0,4
CP Schofield,2007-2007,4,4,12.5,0,92,4,Feb-15,23,7.16,19.2,0,0,4
Shahadat Hossain,2006-2013,6,6,20,0,198,4,Feb-22,49.5,9.9,30,0,0,4
MD Shanaka,2015-2016,11,6,9,0,73,4,Mar-16,18.25,8.11,13.5,0,0,4
Sohag Gazi,2012-2015,10,10,35,1,299,4,Jan-28,74.75,8.54,52.5,0,0,4
AO Suji,2007-2010,8,6,16.1,1,116,4,Feb-23,29,7.17,24.2,0,0,4
Syed Rasel,2007-2008,8,8,29,2,202,4,01-Oct,50.5,6.96,43.5,0,0,4
SR Thompson,2014-2016,17,9,18.3,0,129,4,03-Oct,32.25,6.97,27.7,0,0,4
JDF Vandersay,2015-2016,7,7,24,1,177,4,Feb-26,44.25,7.37,36,0,0,4
BV Vitori,2012-2016,11,11,39.4,0,323,4,Jan-24,80.75,8.14,59.5,0,0,4
K Weeraratne,2008-2009,5,5,15,0,126,4,Apr-19,31.5,8.4,22.5,1,0,4
CM Wright,2007-2009,3,2,5,0,49,4,Mar-29,12.25,9.8,7.5,0,0,4
Abu Hider,2016-2016,5,4,11,0,102,3,Feb-40,34,9.27,22,0,0,4
AR Adams,2005-2006,4,4,12.5,0,105,3,Feb-20,35,8.18,25.6,0,0,4
AB Agarkar,2006-2007,4,3,10.3,1,85,3,02-Oct,28.33,8.09,21,0,0,4
MS Aulakh,2012-2013,3,3,9,0,82,3,Feb-40,27.33,9.11,18,0,0,4
F Behardien,2012-2016,25,3,5,0,27,3,Feb-15,9,5.4,10,0,0,4
SM Boland,2016-2016,3,3,11,0,90,3,Mar-26,30,8.18,22,0,0,4
CG Burnett,2013-2013,1,1,4,0,18,3,Mar-18,6,4.5,8,0,0,4
YS Chahal,2016-2016,3,3,12,1,89,3,Jan-19,29.66,7.41,24,0,0,4
MS Chapman,2014-2016,19,4,10,0,77,3,01-Oct,25.66,7.7,20,0,0,4
TLW Cooper,2012-2016,18,9,17,0,132,3,Feb-18,44,7.76,34,0,0,4
LA Dawson,2016-2016,1,1,4,0,27,3,Mar-27,9,6.75,8,0,0,4
RMS Eranga,2012-2013,3,3,11,0,90,3,Feb-30,30,8.18,22,0,0,4
Farhan Ahmed,2016-2016,3,3,9,0,66,3,Feb-28,22,7.33,18,0,0,4
Fawad Ahmed,2013-2013,2,2,8,0,68,3,Mar-25,22.66,8.5,16,0,0,4
B Fernando,2015-2015,2,2,7.2,0,71,3,Feb-33,23.66,9.68,14.6,0,0,4
ST Gabriel,2013-2013,2,2,7,0,56,3,Mar-44,18.66,8,14,0,0,4
WT Gavera,2015-2015,3,3,9,1,50,3,Mar-17,16.66,5.55,18,0,0,4
D Gough,2005-2006,2,2,6.5,0,49,3,Mar-16,16.33,7.17,13.6,0,0,4
TGJ Gruijters,2012-2013,8,5,12,0,74,3,01-May,24.66,6.16,24,0,0,4
HF Gurney,2014-2014,2,2,8,0,55,3,Feb-26,18.33,6.87,16,0,0,4
AJ Hall,2006-2006,2,2,8,0,60,3,Mar-22,20,7.5,16,0,0,4
SM Harwood,2007-2009,3,3,12,0,113,3,Feb-21,37.66,9.41,24,0,0,4
DSNFG Jayasuriya,2015-2016,11,7,16.5,0,146,3,01-Nov,48.66,8.67,33.6,0,0,4
E Katchay,2008-2008,4,4,10,0,71,3,Jan-18,23.66,7.1,20,0,0,4
SKW Kelly,2008-2008,3,3,7,0,50,3,Feb-18,16.66,7.14,14,0,0,4
DS Kulkarni,2016-2016,2,2,8,0,55,3,Feb-23,18.33,6.87,16,0,0,4
DL Maddy,2007-2007,4,2,3,0,26,3,02-Jun,8.66,8.66,6,0,0,4
SI Mahmood,2006-2009,4,4,14,0,155,3,Jan-31,51.66,11.07,28,0,0,4
Mansoor Amjad,2008-2008,1,1,1,0,3,3,03-Mar,1,3,2,0,0,4
T Mishra,2007-2013,15,2,5,0,33,3,Mar-25,11,6.6,10,0,0,4
Mohammad Nawaz,2016-2016,5,5,16,0,115,3,Jan-16,38.33,7.18,32,0,0,4
Naeem Islam,2008-2013,10,6,15,0,122,3,Feb-32,40.66,8.13,30,0,0,4
SD Parry,2014-2015,5,5,16,0,138,3,Feb-33,46,8.62,32,0,0,4
SS Pathirana,2016-2016,2,2,6.5,0,68,3,Feb-23,22.66,9.95,13.6,0,0,4
JL Pattinson,2011-2012,4,4,13,0,104,3,Feb-17,34.66,8,26,0,0,4
MDK Perera,2011-2011,3,3,10,0,72,3,Mar-26,24,7.2,20,0,0,4
P Raho,2016-2016,2,2,3,0,20,3,03-Nov,6.66,6.66,6,0,0,4
CAK Rajitha,2016-2016,3,3,11,0,120,3,Mar-29,40,10.9,22,0,0,4
RJ Ranpura,2015-2016,3,2,6,0,32,3,Feb-17,10.66,5.33,12,0,0,4
JB Reva,2015-2016,3,3,9,0,52,3,02-Nov,17.33,5.77,18,0,0,4
A Shahzad,2010-2011,3,3,11,0,97,3,Feb-38,32.33,8.81,22,0,0,4
Sharafuddin Ashraf,2015-2015,4,4,14,0,119,3,Mar-27,39.66,8.5,28,0,0,4
R Sharma,2012-2012,2,2,7.2,0,56,3,Feb-29,18.66,7.63,14.6,0,0,4
PM Siddle,2009-2010,2,2,8,0,58,3,Feb-24,19.33,7.25,16,0,0,4
CA Soper,2015-2016,3,3,8.1,0,43,3,Mar-13,14.33,5.26,16.3,0,0,4
JH Stander,2009-2012,11,7,13.3,0,156,3,Feb-24,52,11.55,27,0,0,4
Tanveer Ahmed,2016-2016,2,2,7.3,0,60,3,Feb-29,20,8,15,0,0,4
AC Thomas,2007-2007,1,1,4,0,25,3,Mar-25,8.33,6.25,8,0,0,4
DR Tuffey,2005-2010,3,3,10,0,93,3,Feb-16,31,9.3,20,0,0,4
MB van Schelven,2015-2015,2,2,7,0,30,3,Feb-22,10,4.28,14,0,0,4
RR Watson,2007-2010,10,5,10,0,92,3,01-Apr,30.66,9.2,20,0,0,4
RM West,2009-2009,5,5,19,0,142,3,Jan-23,47.33,7.47,38,0,0,4
BTJ Wheal,2016-2016,2,2,5.2,0,33,3,Mar-20,11,6.18,10.6,0,0,4
KS Williamson,2011-2016,35,9,12.4,0,123,3,01-Jun,41,9.71,25.3,0,0,4
MA Wood,2015-2015,1,1,3,0,26,3,Mar-26,8.66,8.66,6,0,0,4
Younis Khan,2006-2010,25,1,3.4,0,18,3,Mar-18,6,4.9,7.3,0,0,4
Zahid Hussain,2012-2012,3,3,9.3,0,47,3,Mar-16,15.66,4.94,19,0,0,4
Ziaur Rahman,2012-2014,14,7,12.3,0,127,3,Jan-16,42.33,10.16,25,0,0,4
YA Abdulla,2009-2009,2,2,7,0,44,2,Jan-16,22,6.28,21,0,0,4
Abul Hasan,2012-2012,4,4,11,0,108,2,Feb-33,54,9.81,33,0,0,4
Alok Kapali,2007-2011,7,2,5,0,35,2,02-Dec,17.5,7,15,0,0,4
Anshuman Rath,2015-2016,17,11,30,0,245,2,Jan-22,122.5,8.16,90,0,0,4
LS Baker,2008-2009,3,3,8,0,58,2,01-Dec,29,7.25,24,0,0,4
RJ Campbell,2016-2016,3,3,10,0,68,2,Feb-28,34,6.8,30,0,0,4
KM Dabengwa,2006-2010,8,7,11,0,106,2,01-Jan,53,9.63,33,0,0,4
JWM Dalrymple,2006-2007,3,3,5,0,39,2,01-Oct,19.5,7.8,15,0,0,4
Dawlat Ahmadzai,2010-2010,2,2,4,0,46,2,Jan-21,23,11.5,12,0,0,4
AS Dean,2008-2013,2,2,4,0,32,2,Feb-18,16,8,12,0,0,4
CD de Lange,2015-2016,4,3,11,0,72,2,Jan-19,36,6.54,33,0,0,4
AP Devcich,2013-2014,4,4,12,0,80,2,Feb-16,40,6.66,36,0,0,4
LHD Dilhara,2008-2008,2,2,5,0,30,2,02-Jun,15,6,15,0,0,4
AM Ellis,2012-2013,5,4,10,0,105,2,Feb-40,52.5,10.5,30,0,0,4
